trial_idx,cue,color1_deg,color2_deg,same_color,sw_Healthy_vs_PCA_dir0,sw_Healthy_vs_PCA_dir1,sw_Healthy_vs_PCA_dir13,sw_Healthy_vs_PCA_dir0-1,sw_PCA_dir0_vs_PCA_dir1,sw_PCA_dir0_vs_PCA_dir13,sw_PCA_dir0_vs_PCA_dir0-1,sw_PCA_dir1_vs_PCA_dir13,sw_PCA_dir1_vs_PCA_dir0-1,sw_PCA_dir13_vs_PCA_dir0-1,sw_self_reference,teacher_vs_students_mean,teacher_vs_students_std
0,1,0.0,0.0,True,0.624127478956404,0.34308805989910374,0.9459437768961324,0.8903075714013982,0.7452680418810895,0.9234427343783242,0.6000513682483417,0.6495569436526545,0.7728027216855302,0.6422053882373675,0.02039400957687787,0.7008667217882596,0.2397108053134529
1,1,0.0,30.0,False,0.9508975430240163,0.1985805108024217,1.0336721714958652,1.117415065257882,0.7746506961663203,1.03675711882379,0.4360999459413417,0.9538831595010077,0.9294720301927113,0.8953602463820105,0.021712290239575424,0.8251413226450464,0.36650447931923363
2,1,0.0,60.0,False,1.104639908510824,0.44722499860421766,1.5546269394975762,1.2073163805729328,0.9205830091267104,1.2554544393507947,0.23179214452353858,1.4212535491599927,1.0035844447488087,1.0923868771543348,0.02584145274188538,1.0784520567963876,0.4007748543226095
3,1,0.0,90.0,False,1.3741173596155907,0.7691185548192678,1.2176840486345357,1.3451817653333014,1.441136058827297,1.0600805693919904,0.3312096849706322,1.2882329814047724,1.2715803267977943,1.1362346428623882,0.028639800192009436,1.1765254321006737,0.24246748438177404
4,1,0.0,120.0,False,1.5501561149796805,0.5842517534070071,0.36887837015607494,1.5373983445527857,1.6293223278276225,1.3714339641126614,0.5090785980182646,0.7724447740372012,1.4799943760891157,1.416824541751743,0.06339778587347594,1.0101711457738871,0.5390306204090348
5,1,0.0,150.0,False,1.729024806870112,0.14036253736107746,0.37978271006204667,1.6358639923228893,1.6983010592939738,1.6149287007969821,0.6500228561344561,0.40162103808064026,1.5960617665993175,1.6774385214135565,0.020894361060142027,0.9712585116540313,0.7169626815716607
6,1,0.0,180.0,False,1.9495940193232189,0.6197447471241101,0.9391393863395265,1.7291594895206792,1.6214732670058352,1.9919627337059713,0.6351286650315646,0.9114025784909237,1.3489607473071037,2.1866115256401746,0.04730024415729188,1.3094094105768836,0.547440339423663
7,1,0.0,210.0,False,1.3702051136511213,1.071372313687554,1.1263005655333964,1.7832280305404504,1.1348712484330874,1.6900112872989197,1.1538361345603023,1.626586264745915,1.1137612524431115,2.502658510665565,0.031004086755392943,1.3377765058531306,0.2807008827860553
8,1,0.0,240.0,False,0.36586721552996454,1.4550952964297503,0.6775342969316696,1.7725470161942585,1.2985046119332204,0.4957942337480934,1.5665180707972375,1.1844100863312885,0.6870872362624941,1.5754207064691064,0.10262531826050364,1.0677609562714108,0.5682611526135988
9,1,0.0,270.0,False,0.2661178598874432,1.2429412050324355,0.6378350737685345,1.3352954832653507,1.3742236882063394,0.8060745257575606,1.4769797864814487,0.6334390306273541,0.3032399725332256,0.7461794223221906,0.039868417112238236,0.870547405488441,0.4399312510683032
10,1,0.0,300.0,False,0.23177635020747733,0.7384762081280859,0.5483093625695958,0.875884346359333,0.8965392461797764,0.7269965177798801,1.0376758080434048,0.2623751048308093,0.2885251465265156,0.35104075274203306,0.027601539019647105,0.598611566816123,0.24163024441350098
11,1,0.0,330.0,False,0.34209433403017475,0.3985676456967663,0.7568137227154745,0.811900935693052,0.6539859517735394,0.7775666423755871,0.7815207788995889,0.44844296552761587,0.5208114754036453,0.2338980576827996,0.040223839549100866,0.5773441595338669,0.20888377608735662
12,1,30.0,0.0,False,0.6760859313974072,0.23476189716868873,1.2305229706616054,0.9975207273369955,0.6754482772181913,1.267721697684215,0.5389139947749414,1.042089729277229,0.9285564585156166,1.1247967118095124,0.02255406462322366,0.7847228816411742,0.3735905893834918
13,1,30.0,30.0,True,0.7344229083167484,0.2472793335158834,1.6762336983635913,1.1615137598047665,0.5117108854052693,1.2908890017759511,0.5742642649679495,1.4710330074483076,0.9165889481461873,1.0536302079748676,0.030975485498434912,0.9548624250002474,0.5273397150036602
14,1,30.0,60.0,False,1.030975688508648,0.21011753533403085,1.6931897962889217,1.2627562118421949,0.869028595201626,1.2100282301098548,0.26969810086438484,1.5218509104600102,1.1022733612519258,0.9979055149072844,0.017934941946455975,1.0492598079934488,0.539611111605363
15,1,30.0,90.0,False,1.4355888451139625,0.2690865564935072,0.9357244081020186,1.3982703032785961,1.4567588618371277,1.0275689374455084,0.15971445306809245,0.9206604708806045,1.3993641760652877,1.0056547251322598,0.03213479871090906,1.009667528247021,0.47073050826987717
16,1,30.0,120.0,False,1.6539595767860569,0.09973758658521435,0.17606557485270513,1.5838711958179863,1.6281415490214532,1.5727874393271752,0.3568461558534394,0.18394049717152539,1.5444463126624537,1.5174097727806204,0.02142849896492204,0.8784084835104906,0.741412682619718
17,1,30.0,150.0,False,1.558252366917181,0.4217746983894625,0.3404036578185181,1.7463979346263088,1.6548156638339337,1.6236773169777656,0.5353029868747468,0.10976455068870955,1.8371726466260787,1.7923954469759402,0.08392715515739811,1.0167071644378676,0.6397364493779111
18,1,30.0,180.0,False,1.6584762694737827,0.8476828971455448,0.7424577529125407,1.9195737956908678,1.5244955433444702,1.5838325323485822,1.0269257579910331,0.44051011244824057,1.5414008228921565,1.5990246059905364,0.11092704096898917,1.292047678805684,0.5068451650294941
19,1,30.0,210.0,False,0.6889205996879127,1.589206461823013,0.9781408735450285,1.720788981237686,1.5456206187923778,0.8521452821867568,1.3684829002210976,1.1748280718925779,0.8627308591718077,0.9804924842848977,0.024666427304068386,1.24426422907341,0.42581955404145305
20,1,30.0,240.0,False,0.31619602631303334,1.7502247423010129,0.8138046720038679,1.8879692460938824,1.7477741438592274,0.947034442110638,1.8838231625493067,1.1382182925220554,0.3625968366796803,1.204959670235815,0.12183196143147684,1.192048671677949,0.6530796948676657
21,1,30.0,270.0,False,0.29437191241371496,1.3869033247953553,0.6388786678372206,1.4888557540639915,1.480948701683186,0.822352770485709,1.5982197208253521,0.905751496152535,0.20633967038805812,0.9490655773030341,0.021766366127840317,0.9522524147775706,0.5019647442735843
22,1,30.0,300.0,False,0.5029885061018723,0.48249556653740233,0.9788707359485566,0.5478850641936962,0.7178305351415127,1.3852398955932805,0.8044562719205688,0.921214760838537,0.26511094694741816,0.8833963977319802,0.2032132651688963,0.6280599681953818,0.2039166960204002
23,1,30.0,330.0,False,0.5703598633116261,0.14096846490769482,1.1826321439965144,0.6454398176648719,0.6434268989619099,1.4551772215249372,0.547788857230287,1.1114356912885652,0.6807921228843608,1.176497496840807,0.050259662943898255,0.6348500724701769,0.37022134256238837
24,1,60.0,0.0,False,0.637973127330939,0.18824598086347294,1.5688660611194107,0.7997973469381172,0.6984327140759875,1.3193981229406089,0.3134204461494037,1.5869895904654756,0.8401734973976941,1.0856257508355223,0.022791150966456532,0.7987206290629849,0.49790666827382757
25,1,60.0,30.0,False,0.7647584630931816,0.12402914341395446,1.4979675191484447,1.0249945366867954,0.6764361225649058,1.2682573447729597,0.36608793311944027,1.4009688909085694,0.9445613774832913,1.1052813229923553,0.04035348267734455,0.8529374155855941,0.49617292457540435
26,1,60.0,60.0,True,1.2229482315419726,0.15968252466402924,0.9749268154178878,1.4624254329741424,1.1025897598934864,1.1667921026931372,0.2977703617238966,0.8235411375304815,1.3347442048880966,1.0818944927441794,0.02285971179595786,0.954995751149508,0.4904599344724135
27,1,60.0,90.0,False,1.5874152641932322,0.1423410007486753,0.6315267533256402,1.602185540050995,1.472036410254674,1.405468091801704,0.34147880388722124,0.5008322663713989,1.4701722918744717,1.2403577756028783,0.05505552195020752,0.9908671395796357,0.6282320377868772
28,1,60.0,120.0,False,1.4069159748262152,0.15776704636753786,0.3148717654878592,1.7387696278957367,1.4334836563380005,1.2102535647830641,0.567804599767947,0.38700173660217513,1.7205264132139142,1.5001080784255427,0.025741017768503544,0.9045811036443372,0.6807531043728754
29,1,60.0,150.0,False,1.2042872880411464,0.4518817547233758,0.3924091507965798,1.709858087201026,1.2243091856154669,1.088006951242278,0.7957125590761253,0.3283624481970018,1.6269622921998996,1.4351793654461678,0.04271865949609116,0.939609070190532,0.5478694628394059
30,1,60.0,180.0,False,0.807806698455488,1.4884467026021837,0.8145252230210083,1.6600994073490705,1.5498139595566327,1.1303536691591278,1.432917036001545,1.0195519106354023,1.0209074128845197,0.9227772494127565,0.11664259563249137,1.1927195078569377,0.3863571314486914
31,1,60.0,210.0,False,0.4743818760081102,1.7499435822444345,1.1880670549795838,1.7538587102398913,1.7106933440038088,1.2076144665223176,1.670113115561748,1.5118154491325893,0.5874069605719227,1.1624950761227808,0.02913318380203097,1.2915628058680049,0.5249586845479173
32,1,60.0,240.0,False,0.24151625753225128,1.1182359153021095,0.6035127334697548,1.4989974199740503,0.9273851967925127,0.47478045921947154,1.2924688665417698,0.9171246640461093,0.5710960722381606,1.1080703457663814,0.023378643334393677,0.8655655815695416,0.4804132193959831
33,1,60.0,270.0,False,0.3944134778158017,0.6114606397422654,0.6744529749506714,0.6352289717081303,0.7297879974057804,0.9978793412409213,0.8749610755114308,0.9924835423211052,0.26061549848107396,0.8714346848300115,0.1169199619779834,0.5788890160542173,0.10885632241753002
34,1,60.0,300.0,False,0.3125779266473466,0.18967865826620714,1.2520782505167214,0.6413508538223726,0.3937162417903427,1.466272269627332,0.3742770497909386,1.2339771872974732,0.511316936639625,1.5352717108191478,0.0234270111296227,0.5989214223131619,0.4116692654067216
35,1,60.0,330.0,False,0.5448380556546077,0.27678702713859415,1.283381887910417,0.7325609853193354,0.39336050182855165,1.4410746754627453,0.2528728461304133,1.5155270396203289,0.5726003834863809,1.4578631774391675,0.031105705029428683,0.7093919890057386,0.36885846081125223
36,1,90.0,0.0,False,0.7160682362645189,0.40541156743211393,1.384670103276589,0.577001575085058,0.6752085292416927,0.9924770427104291,0.2740265887873115,1.1876189786172775,0.64266123088746,1.1299289933340622,0.07729114219889413,0.7707878705145699,0.37111272048524485
37,1,90.0,30.0,False,0.8793201356111704,0.3820275154823301,1.0759114811819561,0.9644561442565326,0.813136197495598,1.1677265177266385,0.09047046590431504,0.7101029042612592,0.8522424151136223,1.0966093643376802,0.03356906694770745,0.8254288191329974,0.26532016093250427
38,1,90.0,60.0,False,1.7950531143328283,0.31192238782643755,0.6354676903381751,1.7742684232756003,1.6920139273972905,1.592457220631223,0.36101836451293,0.34355929171513067,1.645249753538681,1.4376754562367982,0.01781621673671645,1.1291779039432603,0.6654299226036452
39,1,90.0,90.0,True,1.9218093078342227,0.14083104466435614,0.3984866861292401,1.9450176438265523,1.8703948927094736,1.7423859743430636,0.43560279685309256,0.27973568037914864,1.8588730362977384,1.6409419057671264,0.034344504395690124,1.1015361706135929,0.8368903649759225
40,1,90.0,120.0,False,1.465164067005345,0.2691412414440934,0.32484323748567456,1.7440204284392127,1.401955852418129,1.2853096059738545,0.4153543970292629,0.252258644913474,1.6769664516198697,1.4946675092157697,0.049833957843510995,0.9507922435935814,0.661484990935606
41,1,90.0,150.0,False,0.9931104449005143,0.8146233030234564,0.4000342737788619,1.5410485862978092,0.9459265868180279,0.7798841248761117,0.6712421618615841,0.4823072382175584,1.2135015462856993,1.2317774700645372,0.018071607094903668,0.9372041520001604,0.40967400363650175
42,1,90.0,180.0,False,0.580626484863743,1.0884906077988994,0.4091044175915974,1.2750358506420936,1.1373759388333482,0.4205644264145473,0.8173855205212077,0.8167065601918373,0.8272476382164621,0.9117241667921152,0.05397768839320369,0.8383143402240834,0.35494296408220666
43,1,90.0,210.0,False,0.551188546411999,0.8796652784512999,0.3597973614459832,1.1088252373884502,1.010132391040407,0.42398163151910684,0.9769336423560526,0.6963486260093668,0.7153003631576513,0.8284326638125605,0.03614167209400906,0.7248691059244331,0.2893209641932606
44,1,90.0,240.0,False,0.3304198222787774,0.530093773155432,0.424743588995579,0.9214827398512611,0.5806727548890798,0.5066666723835944,0.6500623949992568,0.27420296552399076,0.6566396539306923,0.825171856096423,0.08714178570793948,0.5516849810702624,0.2248827195315097
45,1,90.0,270.0,False,0.5042806950479835,0.18689660634576577,0.7093889858267891,0.5744748779922826,0.4391938631674348,0.8492243620207942,0.221868613827608,0.6226822147418866,0.42427784771011734,0.6347557433866196,0.048801692249649475,0.49376029130320526,0.19188966780870814
46,1,90.0,300.0,False,0.16885487739154262,0.29582941013547503,1.1446006385885539,0.36856196252214457,0.34753131812990024,1.0783576108298534,0.2978107253498326,1.2880112435541413,0.4362718697390376,1.0537203697148443,0.030280288257084897,0.494461722159429,0.382101417450931
47,1,90.0,330.0,False,0.5770895574128754,0.41032054349493463,1.4101330135659225,0.5588751234902214,0.7745821527764644,1.0488126238083089,0.28697510545250127,1.5295887746078978,0.6202232322270681,1.2708589817997378,0.05657018217019303,0.7391045594909884,0.39278162694180807
48,1,120.0,0.0,False,0.7294385051335845,0.7660223079056623,0.3941584569708732,1.3937348953694704,0.9712876866293594,0.8211695348027805,0.7392710451178532,0.5801444772145943,1.482614519915123,1.2944259028971499,0.040188711819716005,0.8208385413448975,0.3611180253476581
49,1,120.0,30.0,False,1.278549568388741,0.41430327580158943,0.27951182449998646,1.5288057572110243,1.3198957484958067,1.2388125547214828,0.3967709055280879,0.47912923333068397,1.4869733855861131,1.4290847979770067,0.07877992934198755,0.8752926064753352,0.5378572112285712
50,1,120.0,60.0,False,1.6511952300779467,0.10935162802172638,0.2964556528793332,1.6506768845395547,1.6751164038536195,1.5897287977543,0.4568089697407559,0.28222531688572194,1.668173439318049,1.5040868285285296,0.012461971706837499,0.9269198488796403,0.7270319753408834
51,1,120.0,90.0,False,1.6297378475535305,0.18634616328550901,0.22673203549496057,1.7934604093732753,1.6689078870474146,1.503456899251714,0.415380168050721,0.2424749508449084,1.8358741065367306,1.629947788274162,0.02967967343689079,0.9590691139268188,0.7548880279675911
52,1,120.0,120.0,True,1.359661436343798,0.29964863305477096,0.12652088751158963,1.41780855162689,1.3962675687041308,1.2895770855105932,0.49425036300564984,0.31328254078596773,1.416869912434454,1.3245713256214375,0.025406189504518693,0.8009098771342621,0.5913608508453736
53,1,120.0,150.0,False,1.2093540958397018,0.36588138977510276,0.10571320088926536,1.347697432523567,1.2199778725162849,1.1684215635190607,0.3905233940775118,0.42450591459576714,1.2555312115632442,1.2975912141551045,0.026871898276210837,0.7571615297569092,0.5316709138192535
54,1,120.0,180.0,False,0.6293239490215561,0.5383582723595502,0.3267590762973992,0.927294352481856,0.7807726339386105,0.3635636130443787,0.414731389736019,0.614396455814729,0.7366920838863791,0.6251211016346969,0.030380164565521617,0.6054339125400904,0.21582613517778187
55,1,120.0,210.0,False,0.5122637969856749,0.44110211016653844,0.28136827441844153,0.7485299810817396,0.6431941940480574,0.2777789457489755,0.5555135065276225,0.4554896083721216,0.4739993810328278,0.49370158231890643,0.029912411550712427,0.49581604066309864,0.1681638509071352
56,1,120.0,240.0,False,0.4140302905068033,0.3089479533707493,0.33210345457384904,0.7177916908616191,0.28659346356632975,0.5316031017526072,0.39845989740762433,0.31399616748041226,0.43711330774884133,0.5205496504092495,0.06426780021933515,0.44321834732825516,0.16326169309227898
57,1,120.0,270.0,False,0.8460809024774296,0.8456147381940913,0.5757398401086091,0.9228629887401674,0.39440972410607655,1.1882349520464994,0.31564782828527493,1.138129143918204,0.3035821410228423,1.1788915937001474,0.07630191508295722,0.7975746173800744,0.1318792604116701
58,1,120.0,300.0,False,0.44806911940988164,0.8949940264185774,0.9083078520465295,0.7172354116949057,1.1024598022612917,0.6530749466005461,0.8813942340118321,1.4060176243654348,0.4889696148081817,1.3408961941400188,0.20662320342860935,0.7421516023924736,0.18579156953247392
59,1,120.0,330.0,False,0.518962750832572,0.5207180502107409,0.6961074628780022,0.794038924921366,0.5096404326906503,0.5710722957433064,0.8036063169292456,0.2667206593572051,0.9817836847253307,1.1648531936681226,0.043768786441275805,0.6324567972106703,0.11782045384800358
60,1,150.0,0.0,False,1.4262771304103445,0.4704415118323454,0.6001650524688074,1.4561857119044557,1.331718549263626,1.4300475138922346,0.1720949667327593,1.03181944682906,1.3273526897810992,1.4965511651862589,0.10439829667812783,0.9882673516539884,0.4554028856862602
61,1,150.0,30.0,False,1.7458565773130095,0.19309151238662822,0.19737128885362248,1.5555375638092148,1.752106986964085,1.77449123182335,0.5749499947699854,0.14982927568731613,1.5728157243030876,1.5807335127690303,0.01618821263910127,0.9229642355906187,0.7308385830794988
62,1,150.0,60.0,False,1.4630084992196548,0.4842354866446672,0.19121022514752087,1.502585503401152,1.686759098820326,1.5102007537502788,0.597364770564376,0.3633006592568757,1.6819211637616347,1.5919783746610146,0.04719963642785635,0.9102599286032487,0.5820029789580199
63,1,150.0,90.0,False,1.155700131979755,0.5570733425152384,0.1438024680305865,1.206989694608799,1.3971290094449165,1.1774433231582102,0.4480023791705293,0.4437918602574329,1.369078447473524,1.228894604687949,0.03848741240277147,0.7658914092835947,0.4407715319315126
64,1,150.0,120.0,False,1.1756833039087389,0.376336302123745,0.10033752689252062,1.1423277569795687,1.3387115977359296,1.2323067312547753,0.41280077167994617,0.33963406462121587,1.229409792373664,1.1957939023871869,0.03135582414037452,0.6986712224761433,0.47071080787187913
65,1,150.0,150.0,True,0.8450206744528235,0.27881669858861063,0.27577788325344,0.8280749960938903,0.9840231650662887,0.6531846212474224,0.33053590499707847,0.5072471636507156,0.8964262321839072,0.638264242240085,0.01721667907723616,0.5569225630971911,0.27969151156462635
66,1,150.0,180.0,False,0.517026205547874,0.14751003656750183,0.38198934810569884,0.5454021202704691,0.6106367076466591,0.18108872665727851,0.32785657384154493,0.4857418502552941,0.543420647450727,0.3161791546452906,0.01787492026860743,0.3979819276228859,0.15723881845413212
67,1,150.0,210.0,False,0.39000280274574345,0.21581692337785996,0.3434284779796227,0.5270160116994659,0.4796984681538671,0.19013880819074397,0.4512916230108872,0.4761423131580912,0.4473590122576432,0.3692644907906546,0.027304614146687833,0.369066053950673,0.11127569133232539
68,1,150.0,240.0,False,0.9496131233396775,0.3260471339709562,0.25667077305945507,0.5273436373296762,0.8265701333196209,0.729997729262596,0.48085693979584093,0.35272511261199946,0.3652834403672739,0.30709060772531105,0.04287927011329065,0.5149186669249413,0.2699435501052068
69,1,150.0,270.0,False,0.5420978344209122,0.7418639215144469,0.11776403755783041,0.774511755623669,0.5863147235538405,0.5886798691445158,0.616034967742211,0.7788065798059243,0.2495049968276689,0.8460043322280328,0.08299603331316174,0.5440593872792147,0.26170904680736506
70,1,150.0,300.0,False,0.5519311442876706,0.8978805121704297,0.214603498209627,0.9938315882011224,0.9926507138385297,0.37829877972355336,1.094821459173804,0.9301072938736208,0.40652291794909445,1.052666910479208,0.21392491916585837,0.6645616857172124,0.3074102929421416
71,1,150.0,330.0,False,0.7450182602886752,0.6165402871396616,0.45530684803078547,1.2947301979190504,0.45323008827963,1.0771356909066738,0.8568192724766865,0.9997347550421186,1.2183227293223189,1.1632196836474535,0.018391729287387665,0.7778988983445432,0.315554258771149
72,1,180.0,0.0,False,1.5490759445338853,0.27954990370584154,1.063790603325927,1.0144310095614097,1.4862066831682297,2.075992243045438,0.7046967812525367,1.154185713570254,0.9626141807226903,1.8788460919494492,0.05561157565176556,0.9767118652817659,0.45349776194350433
73,1,180.0,30.0,False,1.2575850488381812,0.523149376313863,0.26444194018879524,1.0541032332311784,1.4957845813235515,1.1690023211715619,0.8495413971653816,0.5409501633437636,1.1750709216519315,0.9757294172934297,0.09572673389777195,0.7748198996430045,0.39839838212114104
74,1,180.0,60.0,False,1.0058292385997483,0.8375202111106723,0.2513091160267215,1.0295056240407123,1.4763272910716325,0.8282705751420111,0.7462882333142974,0.9024312612033858,1.1819398687492626,0.8734688297471702,0.09228239508859346,0.7810410474444636,0.3146705387377502
75,1,180.0,90.0,False,0.7742689860783152,0.8700056572526499,0.2897528779441349,0.9393438900983182,1.3624783373985414,0.6266191492729386,0.5597801408746312,0.89373276110771,1.1272030239783177,0.6924201189612691,0.06051889007535536,0.7183428528433546,0.25429321838764707
76,1,180.0,120.0,False,0.776094501750443,0.5931476002186513,0.24620846711054178,0.733428598770104,1.198531369355269,0.5703341353839041,0.42942890643039067,0.7721709234503858,0.9884684181299846,0.5357635509776304,0.03545104400575691,0.587219791962435,0.20819133854077146
77,1,180.0,150.0,False,0.5525393800388383,0.2807109627310985,0.4631467978810808,0.4373998368552029,0.7455045518971827,0.3183543091546248,0.2926524515042084,0.5126008326754243,0.6602605399807931,0.36071398182343367,0.03252100833206439,0.4334492443765552,0.0979910645890154
78,1,180.0,180.0,True,0.4170451830698999,0.230742003341615,0.5988178831180396,0.34056694926413345,0.5159211099483572,0.27116080949933963,0.3193644898174188,0.6267714645585298,0.5628373540241742,0.4582505566067963,0.024255576598579368,0.396793004698422,0.13412541387685395
79,1,180.0,210.0,False,0.9704723770678592,0.11916605217177846,0.7566574070717554,0.2923248007409857,1.0345603416664821,0.670878789469944,0.7269190389259634,0.724831521776766,0.39202713690592894,0.6723319544577875,0.030406687338085304,0.5346551592630947,0.3429930196593572
80,1,180.0,240.0,False,1.3812652843751954,0.20427987573665268,0.6776715965264581,0.461849035311868,1.482501351547154,1.2391128687545607,0.9331827768455964,0.7281317902854484,0.5687398502779247,0.40589233179327555,0.09467764012062599,0.6812664479875435,0.4375132812252777
81,1,180.0,270.0,False,0.9435774226938975,0.6160858535030747,0.5276483039188377,0.8562871844297241,0.5887393926113491,0.8297144237698536,0.4476403735376113,0.774025016690898,0.4157669800672154,0.8645886872823993,0.03227739460066352,0.7358996911363834,0.16981400464389126
82,1,180.0,300.0,False,0.365702763187076,0.29654323614007383,0.5413064228150732,0.6232802475936031,0.3474268555450274,0.6962168038034342,0.33480947954903184,0.770374731980407,0.48236434028099884,0.9101494130168939,0.060303474631363485,0.4567081674339566,0.13118489958904633
83,1,180.0,330.0,False,0.8304675550464756,0.22554215127768965,1.3736384192469007,0.9223888756689322,0.6701084838630363,1.8677376792412979,0.2924090451529908,1.5273633635522987,0.7183512819590211,2.046020133061857,0.0627802347509752,0.8380092503099995,0.4090205839429876
84,1,210.0,0.0,False,0.8933012298410179,0.5829570193889523,0.5057728660992,0.6741524617071574,1.1763539137116883,0.43747040221108413,1.0073891964337587,0.9244090672530938,0.7073182883606703,0.9320652155221052,0.13834479566514696,0.6640458942590819,0.1451601776219729
85,1,210.0,30.0,False,0.6910861919713138,1.002082787735259,0.6838081069394786,1.0080319253033083,1.3270161593925898,0.5604231139159301,0.9974645797120936,1.1311680955629697,0.9198400251172549,0.7982516137117334,0.13919517017294286,0.84625225298734,0.15883987614177095
86,1,210.0,60.0,False,0.6093691155247845,1.0380724175574323,0.32189879589841,1.05828899891752,1.2937407256961657,0.5597370909682187,0.9225803700555029,1.0685351951994888,0.8982652335029188,0.865730842104373,0.060054815796692515,0.7569073319745366,0.30857927113322
87,1,210.0,90.0,False,0.4147940001508875,0.6796048869818276,0.4709333382286248,0.9362661462876858,0.8739062637873386,0.4264317518148833,0.7300918491124782,0.7717560631337036,0.65853921947155,0.7863687988493071,0.050082013787871284,0.6253995929122564,0.20481135677193507
88,1,210.0,120.0,False,0.47138079117796977,0.4889117743161363,0.45655473582853545,0.5878337248088616,0.7562624752438105,0.41762208268724194,0.3888377814351913,0.788124341889192,0.6208580034842774,0.5526720095680784,0.13318943282092965,0.5011702565328758,0.051329290014891824
89,1,210.0,150.0,False,0.5304392547047305,0.38756556977203216,0.39433537057729645,0.35480812983501014,0.36950286355698087,0.6443957407955571,0.568817864351811,0.7498322457207146,0.5240438974659409,0.5429334424955431,0.04436411870199472,0.4167870812222673,0.06729818532968333
90,1,210.0,180.0,False,0.7548198254280203,0.2944347486195591,0.7254867345004952,0.25899863595118977,1.003876329679666,0.5926517291699309,0.778452709030885,0.9286427568714991,0.45741379045933356,0.7912423249121334,0.01908388293800533,0.5084349861248161,0.23228836870991365
91,1,210.0,210.0,True,1.3238993201792058,0.33465813993068927,0.8506009150068514,0.2689981533942897,1.5862464253475643,0.7250680702644379,1.0950556776874065,1.1128851186107491,0.5471199459180501,0.7191063704733505,0.02241862967286109,0.6945391321277591,0.4275070114938876
92,1,210.0,240.0,False,0.5981927277948222,0.3355849844759632,0.8212053725098726,0.5490127354350702,0.841998711031525,0.600245802499736,0.17356089266975028,1.0684617575755047,0.7645269220883373,0.48594249665915346,0.022366521198602524,0.5759989550539321,0.17258757487753368
93,1,210.0,270.0,False,0.35819602542362217,0.21519149210844396,0.9207425106072537,0.3099128805261687,0.45947388697441754,0.6640642848145278,0.25770066362362676,1.010542549993124,0.4598970948823231,0.639670866029504,0.030207446093784937,0.45101072716637214,0.2760352473797303
94,1,210.0,300.0,False,0.29042367952012377,0.23088580184394972,0.8286470151225896,0.3562415950050325,0.45596626908376703,0.8600704986124319,0.27936763148110144,0.8119362704759266,0.5550585768165082,1.0684813121579626,0.07100022494015548,0.4265495228729239,0.2363472735985979
95,1,210.0,330.0,False,0.9371158045427955,0.3097574742037887,0.8795606986646465,0.5403378244561023,1.0718854494213432,1.0251173467593835,0.7090227246670882,1.0719971537857655,0.6619076139571106,1.3701869804347926,0.12111144641441599,0.6666929504668333,0.2558367400871652
96,1,240.0,0.0,False,0.3375537470489345,0.9948537986383336,0.5638895452087325,0.8784947637911198,1.16769088707629,0.5547607574795641,1.0015071927008359,0.9867518342149644,0.5379785420041489,0.5970309362931354,0.11032351078770247,0.6936979636717802,0.2591011495567548
97,1,240.0,30.0,False,0.4035195405546377,1.0986005689267067,0.31069784204510914,1.155710831542309,1.1222256769979126,0.598735299653411,1.1771228955606312,0.9214894601975323,0.33898332674157156,0.9729600359832344,0.04889465207263209,0.7421321957671907,0.3869467408036555
98,1,240.0,60.0,False,0.49092009426500743,0.784801084211197,0.22682862343606147,0.9872978943031329,0.8701017673978764,0.6167714581867169,1.077560527021183,0.757131850368616,0.3247930802747253,0.927860414431178,0.14374482095849422,0.6224619240538497,0.2886556121272591
99,1,240.0,90.0,False,0.36604272668103854,0.4138023197562205,0.31426569915677016,0.6464566609077651,0.28696425173394435,0.5087080014315715,0.354000754409025,0.4137787338551472,0.2940634351765827,0.5827926567416447,0.01792355233606235,0.4351418516254486,0.1269793856755241
100,1,240.0,120.0,False,0.4125026478148252,0.3563770831957392,0.42630156386411866,0.5425779611696113,0.5405769924730712,0.5277386009806873,0.3781865970250151,0.6443670582683299,0.7536608100824513,0.2577447818612296,0.022090802277269672,0.4344398140110736,0.06770361731363612
101,1,240.0,150.0,False,0.7367639361517768,0.488198746864446,0.25784184425380463,0.4459684861899201,1.1292212567814703,0.49749113306002457,0.6757410132951525,0.6800128472030289,0.6428730867942409,0.35954330440872173,0.029937875968705695,0.48219325336498686,0.17065175578774844
102,1,240.0,180.0,False,1.2451358856978079,0.4383287306982798,0.6717082214701426,0.4055812262779078,1.5504901306566794,0.7543111253869499,0.9882775585402171,1.0675860317485988,0.6529306574584547,0.5948512279602037,0.037505912687660264,0.6901885160360345,0.33643081206825026
103,1,240.0,210.0,False,0.8034019165438668,0.5341513698313368,0.5852359755980978,0.5206147139133805,1.194799554504975,0.5987211431061175,0.3071486378856803,1.0571901066843257,0.9058330007166916,0.4665111866727011,0.06609765565228808,0.6108509939716705,0.11375126980797731
104,1,240.0,240.0,True,0.4151938401766266,0.5434919275659353,0.49443300818437685,0.574014561600269,0.6586062895675074,0.5393462900200606,0.27943011130081097,0.9466690466541132,0.8887486689499675,0.38557527858014595,0.032909253810806005,0.506783334381802,0.060018173774286906
105,1,240.0,270.0,False,0.312624163794374,0.5166817076250156,0.4896839014734666,0.35987010899934946,0.5956014128870868,0.4175144770597774,0.1715200743890416,0.9113323516423819,0.6097866962344524,0.34465716496330107,0.03332985812336867,0.41971497047305145,0.08565635956999254
106,1,240.0,300.0,False,0.17628748570672947,0.4713408107378896,0.48332484525692654,0.34576590774803906,0.6000982093764384,0.41066005879786194,0.31256300761049904,0.799353473509651,0.38925830139898904,0.5296871775793528,0.04101540672737963,0.36917976236239614,0.12371501397919295
107,1,240.0,330.0,False,0.41862947551219976,0.7373033219601041,0.48346908912383424,0.7327023674045007,0.8411799545035896,0.34618051966007035,0.8256350116973438,0.8860543568376307,0.4420278306337975,0.7526590202832145,0.044745444761504244,0.5930260635001596,0.1438248046386927
108,1,270.0,0.0,False,0.5827637919589113,0.8553331580208388,0.41312537483117023,0.7860662817934765,1.138351840089129,0.8033323504565199,1.152096828617361,0.4667902335730032,0.19533129394140292,0.40285667157743477,0.0314890161350722,0.6593221516510992,0.17389538845158192
109,1,270.0,30.0,False,0.9530941611917775,0.9697296852104491,0.3290466920060859,0.945745302239924,1.5455929866573959,1.1296010541169474,1.5838660097788513,0.7291981967826123,0.12311851345172362,0.709328666194762,0.09794498223557237,0.7994039601620591,0.2716998705438207
110,1,270.0,60.0,False,0.8077793319405685,0.5310888926389227,0.5671431849661898,0.4869630244723421,1.0251149569259468,1.3199439737962657,0.9667212693062938,0.6516281168362885,0.23512694494974612,0.7790283915798512,0.16697944113662075,0.5982436085045058,0.12426340972472896
111,1,270.0,90.0,False,0.2745150302441634,0.27241927011659883,0.5534531651485207,0.23097903608164067,0.2526203440119917,0.6855060817267329,0.10714582754182009,0.7286812841668793,0.29986767672856934,0.5892834709911753,0.1637413175378929,0.33284162539773093,0.12854793978640838
112,1,270.0,120.0,False,0.24282741986726894,0.3082723206444431,0.8522747537617792,0.5188122255458925,0.38414011333326403,0.9520257028557181,0.5163063696004773,0.984637556402872,0.5166289523497578,1.1777461182049178,0.07857043670059968,0.48054667995484596,0.2376104555401488
113,1,270.0,150.0,False,0.6645973211372139,0.6218663842590573,0.49940703168833145,0.7565083471679406,0.5309026782144848,0.9527835130598388,0.5456589011232955,0.9964684361568156,0.2677234964099201,1.1415192791131037,0.039060327552141,0.6355947710631358,0.09246189723003992
114,1,270.0,180.0,False,0.5392083437963122,0.5278362442882103,0.27972573029905645,0.6710701489700843,0.44150782465644833,0.6159731421857152,0.4320164209231009,0.6209800047728544,0.24670469422906563,0.7479826396523243,0.017530482585993823,0.5044601168384157,0.14143755681519346
115,1,270.0,210.0,False,0.37145752483573646,0.3794233770178236,0.4272003328188726,0.41036383473628346,0.614301694004207,0.3493303585364037,0.282327987684939,0.7214694282679851,0.6432520118133367,0.2805432864159231,0.06982629666257192,0.39711126735217905,0.02264927356732064
116,1,270.0,240.0,False,0.34588736270430764,0.4490654162006042,0.3131326166273925,0.35411408442550607,0.5791283299756489,0.31057214982975495,0.19283656807787564,0.6789073023240454,0.6590253965252366,0.1472589195211831,0.02254041799406305,0.3655498699894526,0.050595964002013896
117,1,270.0,270.0,True,0.17730339107633647,0.1856575261265187,0.2851114566138344,0.340830837855677,0.23580083040575034,0.27921877128731676,0.2736288291623946,0.30715715112987074,0.3913071769942654,0.13291698857592305,0.03295668388006688,0.24722580291809165,0.06869683709326087
118,1,270.0,300.0,False,0.19844264622011332,0.21558211898471716,0.3236410801906736,0.28911545226344204,0.24838743661326004,0.3077052594783609,0.3110938846328697,0.1969087276264544,0.11943842949616951,0.13107752262670802,0.028930680480146076,0.2566953244147365,0.0515181256542664
119,1,270.0,330.0,False,0.30459964989504207,0.5088019599363536,0.37828125721810657,0.4936655275543708,0.48419403251068077,0.3674016806583984,0.5536210113038378,0.17511922618852277,0.1347829709404527,0.2675120778356779,0.033576742823965604,0.42133709865096824,0.08420650362478019
120,1,300.0,0.0,False,0.5482720317573477,0.4376922020800304,0.2169405218206442,0.3943648968232655,0.8080520041851869,0.6746099220567465,0.8602269756320065,0.2667627890246995,0.17065458277848394,0.2587456511231242,0.054772132361847616,0.399317413120322,0.11931676405561273
121,1,300.0,30.0,False,0.7394652958967355,0.4265284471577382,0.47263067291351096,0.2221554531027619,1.0234671908145667,1.1753068004127973,0.8818534114035009,0.417426597303976,0.3369968003259297,0.46390622051435265,0.05984002782781149,0.46519496726768667,0.1842842967453233
122,1,300.0,60.0,False,0.5499929783564941,0.37467693127517754,0.8063933456810028,0.7515254450892673,0.4318081789376249,1.2500863889640823,0.2987449612480782,1.1528681659525701,0.5993466200953947,1.4233550350781654,0.030596214407220483,0.6206471751004854,0.1711170197595809
123,1,300.0,90.0,False,0.556009963466653,0.5891998655359707,1.0155816020671613,0.8012075730081155,0.8018891596732376,0.8267203044822243,0.4901200815200703,1.2841029532653734,0.7920419449727085,1.1444783680644508,0.12022928683415524,0.7404997510194751,0.1845830446472758
124,1,300.0,120.0,False,0.4728471825299998,0.7625726034560327,1.4009297277613049,0.5660179981099921,1.180279836827018,1.2798764249989563,0.430126622136887,1.9465554128324818,1.0056475790770323,1.5623966631537172,0.16355045242881602,0.8005918779643323,0.362040222084595
125,1,300.0,150.0,False,0.43279733801871,0.9124037191738423,0.6900089110716048,1.010907405370791,1.308726216123966,0.7362200209239289,0.8359754068736815,1.4676511549510591,0.7970086080128553,1.4826995766239917,0.09154572271159461,0.7615293434087369,0.22256032814716736
126,1,300.0,180.0,False,0.3731366206848352,0.7426233350392287,0.342920715013145,0.9241145291891344,1.036723581033554,0.5808942772244339,0.6603935122883489,0.99690060419131,0.8614221414876031,1.170426729115296,0.024883682702675998,0.5956987999815859,0.24641144153958314
127,1,300.0,210.0,False,0.342449114753403,0.22872107348820503,0.3900367209666663,0.5565822293271807,0.5178885220655949,0.6341843955380827,0.292375392834005,0.5732983178092357,0.6139207416387369,0.8546323365936646,0.04853218221837709,0.3794472846338638,0.11787300379452886
128,1,300.0,240.0,False,0.34609147411701763,0.32566838383379304,0.47868772115552116,0.4401107121376977,0.5097869085249834,0.4080565954723237,0.2825547596580852,0.6492792622049925,0.4736813628056404,0.6013397714863258,0.05068796251278389,0.39763957281100737,0.06365857865900844
129,1,300.0,270.0,False,0.13325059943870704,0.1901147399516901,0.31093714852978505,0.24951821582767567,0.21458162651691054,0.23540083578642168,0.2532019361568003,0.2985123927548057,0.09779621838652972,0.2888341874258651,0.017807222398675535,0.22095517593696445,0.06624920352350278
130,1,300.0,300.0,True,0.16364001789549282,0.19858755815665222,0.19041492291073114,0.2059344818989299,0.240706828663948,0.1744419587588048,0.2775286263721046,0.18461766787907383,0.05395264939231353,0.2136553809930405,0.020280479488371077,0.18964424521545153,0.015985684534811768
131,1,300.0,330.0,False,0.3071686902220164,0.3329619061292469,0.09961017080480157,0.335836659418425,0.5234838258995732,0.35182828288038454,0.5674854368703647,0.2604410735204916,0.09576067258931832,0.24940273247517175,0.05351160990402412,0.2688943566436225,0.0983717222883041
132,1,330.0,0.0,False,0.4796217241357413,0.20495904762179065,0.46206733358854013,0.5556746797287392,0.6651942621756457,0.6447634742938244,0.666908479195714,0.3639533250827627,0.4703791674224378,0.20515050965573203,0.027016408745980817,0.4255806962687029,0.13214581319513793
133,1,330.0,30.0,False,0.7329069052093355,0.1697351704692473,0.789436758264052,0.6612478557866692,0.8727596045873576,1.0847810398206406,0.37486046540429674,0.7263136682976925,0.7819812688149181,0.8690737250305393,0.03883273266075335,0.588331672432326,0.24590905571501548
134,1,330.0,60.0,False,0.9634119817685296,0.5127933365634335,0.7588341318918147,0.8940152247847559,0.8205946951315972,1.364421089742685,0.20589937981988515,1.167172788898664,0.79518737465857,1.2315399530523399,0.02979752639507239,0.7822636687521334,0.17209468666389438
135,1,330.0,90.0,False,1.1705367923163599,0.854343176305519,1.3363174813382512,1.262724869289881,1.4335715635552884,0.9697374794137674,0.4679925625062388,1.5808207396706508,1.2875116877617028,1.1967406994824872,0.033002662785083424,1.155980579812503,0.18378842993019867
136,1,330.0,120.0,False,1.0641998685997265,0.9380812291070662,1.030424048921716,1.3837381535325977,1.7878460232374298,1.1027798329525829,0.8987262832257539,1.6618085819280206,1.7363023436740803,1.1883013638077646,0.12921892050048506,1.1041108250402767,0.1679135901172415
137,1,330.0,150.0,False,0.9142969157183258,0.6398422766570994,0.04847789941713183,1.2133983535739292,1.474989463963216,0.8941633207334774,0.5020544374346594,0.6587624615201138,1.357753021545717,1.211172287513876,0.045836870136454294,0.7040038613416215,0.4293998466295577
138,1,330.0,180.0,False,0.9130092838648739,0.16639394796195023,0.6074139028000806,1.1201382067603882,0.8652715435129822,1.2820629347369894,0.3043478680951243,0.5114420517579862,1.0212656014646135,1.3560674217000779,0.0553486270677859,0.7017388353468232,0.35888179731122977
139,1,330.0,210.0,False,1.275116659077515,0.43453131037051507,0.8983289908481329,1.1901713448091864,1.2089583453898063,1.5868424539231647,0.5615588897661402,0.8555026078570758,1.2025483076228736,1.906737737336952,0.1296298848195655,0.9495370762763373,0.3285422814718043
140,1,330.0,240.0,False,0.7023137923332186,0.8213785336383198,0.6604048710338515,1.1823764634832097,0.6221097745932512,0.8663966304236812,0.7947713238897476,1.152322263518748,0.7159016777271483,1.584181303185471,0.04606876526733146,0.8416184151221499,0.20540802492644122
141,1,330.0,270.0,False,0.18915245958854127,0.6247315203408239,0.331121142304912,0.8032035186710109,0.46226274643326104,0.24200920495693956,0.6321484415347225,0.5456680133705605,0.26127856144779926,0.7746022153752978,0.028065543249844907,0.48705216022632203,0.240814244615039
142,1,330.0,300.0,False,0.21476188491528753,0.4697513460728472,0.207070323881542,0.5633453360021476,0.6216570509440197,0.3711928767615661,0.7360755468214241,0.267202454484329,0.1877204631772615,0.40474871990065675,0.038416745818457,0.36373222271795613,0.1563813940371577
143,1,330.0,330.0,True,0.26720989503226783,0.3668861938857264,0.30147201726813866,0.5901211573462609,0.5743410425992592,0.49119763082913975,0.7620443343704044,0.19891222739562978,0.38278556772665046,0.29848188732966274,0.01973585960504831,0.3814223158830985,0.12570106661840344
144,2,0.0,0.0,True,0.6805602432153897,0.3370537796877596,0.8980397044781683,0.9561912378563393,0.7274114319899617,0.9277062239594123,0.761983649484864,0.6053861007567709,0.6611791308747121,0.5895378098407145,0.01774396178038724,0.7179612413094142,0.2427298462949343
145,2,0.0,30.0,False,0.5822277820273727,0.28774117697654017,1.3488756312050525,0.8801133554356579,0.6996396863090726,1.275275256666161,0.4488084424543598,1.1311188749964285,0.9156118492554125,1.1069176277039963,0.018351481046557268,0.7747394864111558,0.39209822581494613
146,2,0.0,60.0,False,0.5891708148213634,0.19645263337255342,1.6408838984638743,0.7112708515948667,0.6727788892531101,1.3645788323675019,0.1806084751149458,1.7006295775171134,0.8003607463312873,1.2551291178800679,0.0979053136922154,0.7844445495631645,0.5297898341336273
147,2,0.0,90.0,False,0.63966957391417,0.596919352726169,1.364733047048103,0.591709930777943,0.9609135480529077,0.9352152064607553,0.30993366155775015,1.6219319339984386,0.8278984623058294,1.2036742657538015,0.10158845116049908,0.7982579761165962,0.3275834334951726
148,2,0.0,120.0,False,1.0172976746630478,0.5069918719526756,0.6067771952687879,1.095545827260489,0.9997333234682242,0.9963112184692794,0.42376314772298973,0.36590274845223325,1.113086736816483,1.1131319168198452,0.16486708512088635,0.8066531422862501,0.25376040549400314
149,2,0.0,150.0,False,1.1729435723437605,0.13438733016814808,0.8464200966286416,0.9432187195824115,1.1737828397237342,1.04109778722413,0.3711061811817486,0.9261963988369268,0.9106934283346315,1.0878817048502547,0.03089183603211698,0.7742424296807404,0.38798832188870164
150,2,0.0,180.0,False,1.3114207459096416,0.2694929785495535,2.000157696958179,0.6627054640008158,1.252239026278993,1.940515057080988,0.7943509987306977,1.9855927052634985,0.6130771851192345,2.342489231296324,0.020132482900043082,1.0609442213545475,0.6576187382718169
151,2,0.0,210.0,False,0.7592525242847052,0.6277420132745959,1.8772708987429625,0.6794276738618956,1.089159189113412,1.7147467074491065,1.0108873655034818,1.9251499456047756,0.6583053846329983,2.338699327587166,0.03489874474202944,0.9859232775410398,0.5167479040475809
152,2,0.0,240.0,False,0.3278626031679703,0.921650178355877,0.6913507122113711,0.9115287917260421,1.0394709363033992,0.5113726340923108,1.096402020933144,1.1967782634292012,0.45567926666532904,1.3358823040789707,0.031556003397586845,0.7130980713653151,0.24070108314072766
153,2,0.0,270.0,False,0.30895174075938797,0.7951447983703348,0.48934163921385204,0.7055739771788563,1.000120360483842,0.7137010345538568,0.9388397627767315,0.3117909465063323,0.23570562415888568,0.3371120926710379,0.1310908536571187,0.5747530388806078,0.18949411786660533
154,2,0.0,300.0,False,0.4465441797833243,0.44105162774049944,0.29254984204034007,0.4201714679114976,0.8095124537030585,0.6895372196584888,0.8332756211985359,0.16330578472715204,0.12274278303988194,0.15686416731234165,0.039522232247709246,0.40007927936891535,0.06285697303051202
155,2,0.0,330.0,False,0.4270053083117474,0.23745561532602072,0.4923704805766742,0.5889171608287125,0.617523651969464,0.6329480554041392,0.562299316587932,0.35726115683296455,0.4606054824240179,0.26875796562582116,0.023710283791966085,0.4364371412607887,0.12851196632081366
156,2,30.0,0.0,False,1.0946501243751317,0.2797774047669532,1.2456302699330004,1.2090156182694876,0.871848920274302,1.0114014944519747,0.440803755708285,1.1053841495768548,0.9491369249793086,0.9450883081790754,0.01664456237042268,0.9572683543361432,0.3950939814625826
157,2,30.0,30.0,True,0.7680651940802796,0.19652832486978028,1.814559309532723,1.0865902686149602,0.5910937667277869,1.4248896707116367,0.4912936000002245,1.6749897927084652,0.8982619933767223,1.2908793099321039,0.029997094285421695,0.9664357742744357,0.5843498526791528
158,2,30.0,60.0,False,0.8084110369288748,0.1614627673703625,1.5739073962787344,0.969974076284136,0.7814210239248549,1.2931850827355431,0.27828488373961624,1.470590802070808,0.9269653184805284,1.053536116310859,0.032257408630446426,0.8784388192155269,0.5027459085314384
159,2,30.0,90.0,False,0.6818047164578097,0.29187315876265946,1.0807461642092564,0.6991395793846563,0.7318356015609431,0.912790243562307,0.0442267916037348,0.997740262307153,0.7512546278418457,0.9169388946472896,0.07466420238368932,0.6883909047035954,0.27898381870228756
160,2,30.0,120.0,False,0.833526858080153,0.2119789403467081,0.24351703650306322,0.808349433240626,0.9189254582350099,0.8447746812479026,0.07033294221163536,0.1386272203137246,0.8861963099097457,0.8138808759852072,0.019080419979156535,0.5243430670426377,0.2969380574111546
161,2,30.0,150.0,False,1.0892534822659892,0.22078635630261464,0.38726701530218427,0.864655883220687,1.047425085038256,1.0113047183110846,0.5148365321269964,0.27904715671320335,0.8004617936788034,0.8562489040123458,0.05898238185110169,0.6404906842728688,0.3506822046831955
162,2,30.0,180.0,False,1.2183612918105382,0.6323970765094165,1.0382530208646485,0.7710930185693066,1.3807554008364011,1.7040160474798802,1.0311140606017921,1.0216216138767273,0.7106310275663132,1.4076654909223907,0.08952522216337895,0.9150261019384774,0.22792159258497965
163,2,30.0,210.0,False,0.608879989809351,1.0606925654903565,0.6839068407223037,0.9284035816676621,1.3827841749691958,0.4773295969964517,1.1241712841986438,1.4025647802144503,0.6229758377958907,1.2261269768513188,0.12767880443001187,0.8204707444224184,0.18219245861488495
164,2,30.0,240.0,False,0.1874808511480145,1.027239233672719,0.3344495585726784,0.9540397965889471,0.9246874103722771,0.35817443196283477,0.841373453995254,0.8159058312761389,0.3011599003216898,0.8022942194258604,0.04567811811716273,0.6258023599955898,0.36942644002035074
165,2,30.0,270.0,False,0.34118372565459154,0.8875461656904449,0.32015270897465853,0.8560459176768608,1.096678500977958,0.5622638722961086,1.0813283080642395,0.590042185127416,0.11955767930699432,0.5717463004165746,0.077923132087826,0.601232129499139,0.2708950936018
166,2,30.0,300.0,False,0.47845832314665016,0.37858043641468714,0.47142743925663144,0.3150942802220979,0.7154787001866592,0.9079138718592815,0.693114449577445,0.43991155018894,0.1920686286069377,0.3765351353663937,0.027042005039369675,0.4108901197600167,0.06791720634600416
167,2,30.0,330.0,False,0.7250230595302651,0.22588988799318221,0.8064975048919907,0.6024937071075179,0.9014687772258025,1.0907186856777416,0.5002471401234121,0.6492958653544157,0.7058267291406918,0.742007054134116,0.05805115078880333,0.589976039880739,0.2223930418852665
168,2,60.0,0.0,False,1.1773876205750997,0.4179955158242476,1.8357062248949096,1.2523968146114313,1.0387488566471534,1.4815712845945248,0.17717553912534223,1.674250917601704,1.136950047725735,1.419808792390489,0.02285439138613763,1.1708715439764221,0.5038641423351468
169,2,60.0,30.0,False,1.2160152150850558,0.3925703863339011,1.6627449804776666,1.4381231432809145,0.9082934466019762,1.311789514996986,0.32399800237275067,1.3483031547710491,1.1593896091194107,1.2071519157946038,0.08243394178077194,1.1773634312943846,0.47983980646967195
170,2,60.0,60.0,True,1.1018590531976842,0.17762832816919694,1.261816980334911,1.325597149406181,0.9777603119134464,1.1342587955183925,0.3057366379291746,1.092784793868629,1.20645253804469,1.0269890170361928,0.041006919552121934,0.9667253777769933,0.46281834079498874
171,2,60.0,90.0,False,1.65379550755461,0.15004856548700773,0.7139266679635939,1.5284738971404241,1.5726407355229042,1.5491006692515705,0.3167493204340941,0.571860534864314,1.4255553071397253,1.356683031341354,0.03863215693795652,1.011561159536409,0.6145026396101114
172,2,60.0,120.0,False,1.1247526082627233,0.37417992706074765,0.26175979017908224,1.5135918433679827,1.159665419803283,1.1419324093326053,0.6244961629407628,0.597161746669262,1.5546562810681728,1.46765705035277,0.0467656259207898,0.818571042217634,0.5206542276416798
173,2,60.0,150.0,False,1.2489554259154394,0.3851146267136709,0.3778060882724784,0.9368863710201666,1.304674569203561,1.2813917080399877,0.742318625115989,0.24504037775689747,1.0159238830008643,0.9496843708073313,0.02134754846959907,0.7371906279804388,0.3724568284522183
174,2,60.0,180.0,False,1.0124840611344623,0.9776594923498234,0.45897947757947427,0.8993027804605933,1.6043365054967111,1.0247501734728595,1.056425012674891,0.7424813082591175,0.8565778615332398,0.49311108890805333,0.02573721976846651,0.8371064528810883,0.222126571460788
175,2,60.0,210.0,False,0.5176600376200455,1.146550906908204,0.6384809688141209,0.9697931895955432,1.384893075128596,0.21320487525268395,0.9907158509750988,1.432665488669553,0.6571475564750189,0.9594496844182746,0.05442437706521797,0.8181212757344785,0.25170319205707636
176,2,60.0,240.0,False,0.22287111742920415,0.8729974176372584,0.6620700336749199,0.8808838840051968,0.7485974401547865,0.5423168024690388,0.7913861370878628,0.7654380479596395,0.4667170750215963,0.9825803667479747,0.0717653194000401,0.6597056131866448,0.2670408154645963
177,2,60.0,270.0,False,1.2759774947009623,0.4194892514756572,0.400865451915292,0.713784238766186,1.2618638673630302,1.0557257819824655,1.0784550625615166,0.4173803678978242,0.3676456429004209,0.42344745450084964,0.02842370507605579,0.7025291092145244,0.35358246985753333
178,2,60.0,300.0,False,0.6904692305096,0.15605222991442894,0.5440613331855744,0.7710607741818477,0.7593266478934042,1.1545457842283324,0.17742615847782583,0.5445032465795867,0.7811743831535666,1.141611340251529,0.03951135789450268,0.5404108919478627,0.2363587209877295
179,2,60.0,330.0,False,0.9183805996850529,0.33022257246557885,0.8847956437394962,1.0046135505022746,0.7845713741911682,1.0914249439867003,0.22377715948664437,1.104028235304742,0.8663898652101336,1.1642531373335352,0.036616108005054285,0.7845030915981006,0.2658952742006362
180,2,90.0,0.0,False,1.479621030119112,0.7873431273705834,1.6130068802813082,1.3362241315978158,1.405596573758682,1.0041973818479994,0.4034825730169438,1.3959377663079362,1.3521168655544002,1.283139968879906,0.039497344142137125,1.3040487923422048,0.3139668403872281
181,2,90.0,30.0,False,1.451114128997672,0.5062179800990612,1.23051315114019,1.5008803476103632,1.2102645538317218,1.2372569304595364,0.18027569413329558,0.8213250428449238,1.2374166199878454,1.108386402752207,0.048398497519149916,1.1721814019618215,0.39772991316453815
182,2,90.0,60.0,False,1.6007918213369918,0.3031055943279287,0.8030736342165541,1.7193263855494303,1.4192531382379898,1.3756650589482657,0.2588196143278516,0.5081390910593402,1.5318273516752816,1.3523123155838066,0.02276034516314869,1.1065743588577261,0.5825355551095124
183,2,90.0,90.0,True,1.666545946252397,0.18630171270211635,0.5991246514460322,2.036642895823949,1.6354223232359022,1.375630824347313,0.49441822017161546,0.6692066828836897,1.9901565696681982,1.6579793139363734,0.027004211628984753,1.1221538015561237,0.7553197559343806
184,2,90.0,120.0,False,1.3047514240089322,0.1452147016108649,0.28861768474776095,1.7554218546096876,1.3718418681563267,1.1835620612830715,0.5730717268159069,0.3705325826278138,1.8262941516295106,1.5714557974490826,0.05357257703246534,0.8735014162443114,0.6775416494364886
185,2,90.0,150.0,False,1.171274678272428,0.540717033243351,0.2696334129508721,1.139948242447488,1.419713973979229,1.252782779842593,0.4963658629537667,0.3458629440225782,1.385303877256427,1.3068699262097963,0.0343086402814385,0.7803933417285348,0.38742366460484984
186,2,90.0,180.0,False,0.9357359332681437,0.9532641045513526,0.45400214543676104,0.9121914602415025,1.5240781956232805,0.6534482431858827,0.7518491457073948,0.9957323542019846,1.0141940451187814,0.5739073956543268,0.07441688692365955,0.8137984108744399,0.20823903564590582
187,2,90.0,210.0,False,0.5621839863028776,0.7928142702701912,0.8670641071749232,0.8267706583597043,1.096731193133447,1.00878949701793,0.7903812718790042,0.7488258833079282,0.688836144620418,0.8533744360572451,0.05637972019372722,0.7622082555269241,0.11843720899853255
188,2,90.0,240.0,False,0.33339549349256387,0.41041113463787815,0.9995351857508912,0.5876701742983704,0.42786364971053625,0.8593594248218573,0.5194082487946725,1.0488190563598652,0.32648546808443296,1.1322308259069502,0.10432395095790958,0.5827529970449259,0.2576880156169824
189,2,90.0,270.0,False,0.5593764463702247,0.0886708366559228,1.180918190404638,0.5790997827532359,0.551828105990597,0.9962705550477157,0.1423213232993862,1.1251496589028647,0.5351094022324692,0.8599907710936544,0.017261099397195508,0.6020163140460053,0.3876191066402358
190,2,90.0,300.0,False,0.2521249839224447,0.37329934465144643,0.9524278179855246,0.32080084823385846,0.3243170850286522,1.011749446934152,0.28430925611866603,1.1306704166492674,0.4262158393068406,0.9430117683822212,0.06007959395231527,0.47466324869831855,0.27916417314725206
191,2,90.0,330.0,False,1.209156431271003,0.7985390016159875,1.6747335442873454,1.1597609323878881,1.058485352696091,1.1237144407140731,0.23740731536765153,1.553240390148736,0.878201029216086,1.2701314742199887,0.05341997074777831,1.210547477390556,0.3113683096325831
192,2,120.0,0.0,False,1.5794917577643421,0.7853511671791555,0.3374905458803005,1.648068990676346,1.9460696974950802,1.4180655656901235,0.19133588931592468,0.966178019308749,1.9713782520889442,1.4788836999300914,0.14155652621282183,1.087600615375036,0.5500230770081511
193,2,120.0,30.0,False,1.9299207701185381,0.6443420429431126,0.2854202762215474,1.9963608913967579,1.6667039883043566,1.730218829495237,0.2911074345214064,0.5640865997605018,1.7351128993873506,1.7808216220117359,0.024299462625695226,1.2140109951699891,0.7601647197222074
194,2,120.0,60.0,False,1.613347043002396,0.15463808545475932,0.4327495582408767,2.033702081468633,1.608055191587907,1.3564668022218784,0.707177246313536,0.49647375926782117,1.9992683620256755,1.8082120410837828,0.02232476380486543,1.0586091920416663,0.7853986677262661
195,2,120.0,90.0,False,1.4000848740281926,0.29489976653307215,0.486366534824583,1.9085312496913422,1.280445139842503,1.1296783356864384,0.6192598912197391,0.3019199508464686,1.8001136900701555,1.5767759581484426,0.04631274419181518,1.0224706062692976,0.6603905854285497
196,2,120.0,120.0,True,1.3787327929057427,0.29042878473229256,0.2574501721839576,1.561795195233413,1.316812042385246,1.2010314403445053,0.44088866985466535,0.26876336736626544,1.4885250554208693,1.3479846360414864,0.019743167393399933,0.8721017362638515,0.6017665790546972
197,2,120.0,150.0,False,1.0734368918575798,0.4178779974444248,0.14038957288633197,1.1561231263161535,1.2252296091011745,1.1158073183055737,0.398565580191097,0.4250803200177235,1.2318153384804884,1.2011483679520725,0.03543875595377614,0.6969568971261225,0.43018107557183916
198,2,120.0,180.0,False,0.7600105618557229,0.5536425052022456,0.330141720090515,0.7216487178682235,1.1357183710569405,0.6312178835974185,0.42361114909522624,0.7177510540326556,0.9077462875434307,0.5991118712193252,0.09759111673630762,0.5913608762541768,0.16961409227096516
199,2,120.0,210.0,False,0.32718049902885715,0.34352818839419574,0.6228298518709415,0.6055494635109955,0.5588721912726737,0.6037326295075098,0.4712752613377012,0.6419698009316127,0.490168881383091,0.657496127141009,0.07811564248309114,0.4747720007012475,0.13967109732040317
200,2,120.0,240.0,False,0.2895756175329931,0.36469678164882846,0.661082436020478,0.5132479275537751,0.4881884999784686,0.7124687777009102,0.3508732271645427,0.9160018516982137,0.332314762160125,0.9468280634885521,0.021112967535267476,0.45715069068901865,0.1426220417553462
201,2,120.0,270.0,False,0.6817095672920288,0.32985429866259885,0.9178364530885053,0.1969933967030597,0.7515465838091474,1.4545515617993916,0.5675453711146508,1.0678900717966653,0.2304706370128671,1.0752655453172086,0.18465814800865693,0.5315984289365482,0.28476937460651913
202,2,120.0,300.0,False,0.5812559919693042,0.6193164292638517,0.8289209086380291,0.8052893529044147,0.47328261735123645,0.631587497488714,0.363849587775312,0.8625731054362864,0.3484235757678806,0.7894465306212914,0.18246491879409546,0.7086956706938999,0.10956044883276472
203,2,120.0,330.0,False,1.069968800985503,0.47894750579595247,0.7948834366382833,1.1573139362629579,1.210392205293492,0.9280724261672058,0.3700818990966337,0.8879781646308479,1.1888099917517128,1.1156678102976396,0.09584501459479211,0.8752784199206742,0.26504241348581375
204,2,150.0,0.0,False,2.010385798666599,0.29304324829049366,0.3921540313309571,2.0228466545672563,2.018061118887195,1.8421385968818114,0.09946257549210692,0.6212997293948075,2.0274981607588742,1.8573768613414376,0.04350307688673442,1.1796074332138264,0.8377535423766939
205,2,150.0,30.0,False,1.7255421746194617,0.34614612361656916,0.21569949566641122,2.1917594503441467,1.6330002502778398,1.5821018049914364,0.9988909300912288,0.2302625378025281,2.0812779144159053,2.0689949038768036,0.01921901687093037,1.1197868110616471,0.8561481599259566
206,2,150.0,60.0,False,1.3510471017278187,0.6036978543107385,0.37818039682921756,2.0580517712118747,1.2287303824891371,1.086414801962182,0.9854735689943446,0.3869225342314639,1.7874905284208622,1.7116081323290435,0.06936028672378619,1.0977442810199123,0.6610988673929699
207,2,150.0,90.0,False,1.061051254163985,0.8489061406508058,0.43904240333496447,1.6330614190072232,1.0097324595903423,0.7907666761082179,0.7055462923226437,0.5553159542097592,1.2715848581198654,1.238942635610659,0.04643754560786642,0.9955153042892446,0.43067282984802074
208,2,150.0,120.0,False,1.0021618831606542,0.38047374904202635,0.17015602690935144,1.3452119982814685,1.0192300623860246,0.899334361996752,0.4018472541380954,0.37745653315001565,1.2355514521497386,1.211429208222809,0.03712516542108485,0.7245009143483752,0.4711769328017011
209,2,150.0,150.0,True,0.8249129510476425,0.32135893755217393,0.29275392230007924,0.9598113703649425,1.0512529736084468,0.8102920159955012,0.2930913585632978,0.5289449671157762,1.0771615969125206,0.9526841593769113,0.018300988392825634,0.5997092953162095,0.29668616149900023
210,2,150.0,180.0,False,0.5514347762865227,0.3107595399766505,0.5758672008356125,0.4325472300870662,0.7241845728887979,0.3573321823574923,0.2903769215613481,0.5003772239612089,0.6257199745071064,0.38352332755540586,0.04479509553073801,0.46765218679646303,0.10556712577413509
211,2,150.0,210.0,False,0.44365648477524505,0.25436649645505655,0.36946176594626534,0.3077772718447125,0.49338619697273955,0.21471745073101525,0.3234919629421886,0.5057789033537341,0.3760101934458434,0.3308449608536125,0.050789253483759955,0.34381550475531986,0.07057944339826054
212,2,150.0,240.0,False,0.6847107882676466,0.4961270013794353,0.36029105165254643,0.36692386350115547,1.0641972608198504,0.7924712593992369,0.34461885693023153,0.36329128673859834,0.765671583855416,0.4858078714476287,0.0342177100019012,0.4770131762001959,0.13157445373339755
213,2,150.0,270.0,False,0.6076626827166499,0.49412525558360754,0.3253869063894369,0.563703035050831,0.9636492309921177,0.8399835036586513,0.507760680750465,0.5725971411337203,0.7751254689800692,0.8589286281250563,0.06607450960060217,0.4977194699351313,0.10741598081423401
214,2,150.0,300.0,False,0.5859746429515577,0.7273061400200551,0.18827148872530902,0.90752591742709,0.8294998332045895,0.538763637227847,0.8818113469640247,0.7567436217704022,0.321910081975446,0.9493208356531337,0.021510887242647853,0.6022695472810029,0.2647996966735168
215,2,150.0,330.0,False,1.075862525576984,0.3848717192973739,0.4900624081538242,1.5885592468541172,1.20928677622536,1.3042777014505027,0.623539760328162,0.8253435374797433,1.692439107429328,1.4040358617439563,0.07223067508536869,0.8848389749705748,0.484130150992256
216,2,180.0,0.0,False,2.0108288927401454,0.7800480913706879,0.3528869730483542,1.8544187817618454,1.6051783360172671,1.7367049388083944,0.6454369530500754,0.6440157322777341,1.3198918082506677,1.6280103365244747,0.09838083407043863,1.2495456847302582,0.7017564430975838
217,2,180.0,30.0,False,1.1133382047549398,0.8586538194356781,0.9586976611754036,1.9291609638076233,1.1176980722890395,0.9483835859638738,1.4163799258309786,0.9488364821562968,1.4709903415214154,1.1887669508039025,0.015219632870781983,1.214962662293411,0.4222068469815486
218,2,180.0,60.0,False,0.8054162647259522,1.4625135971935843,0.59106931597443,1.7709647921510987,1.45801939215609,0.782199312164487,1.3626591641729586,1.2166989775385055,1.3728819264930343,1.2654352277917031,0.0655066419955867,1.1574909925112662,0.47806354750378693
219,2,180.0,90.0,False,0.587880788183708,1.089886314493664,0.4366255662613742,1.416838830302357,1.1093285303195692,0.470782104810552,0.9915653694884659,0.8769680517006816,0.9857654260445913,1.0138601372353355,0.06527828712467673,0.8828078748102758,0.39183261110248147
220,2,180.0,120.0,False,0.8067904220668782,0.5617867272766994,0.35909776149565464,1.0417221835165682,0.8294426020624273,0.5072848590881456,0.4477396100720312,0.5925590360292523,0.7803209750551163,0.7121261065489822,0.03936834487842798,0.6923492735889502,0.2565450035901329
221,2,180.0,150.0,False,0.4300715069477245,0.25238625715270274,0.42221731672507395,0.5690869571256104,0.6526827374341424,0.3450497916353678,0.32740048002496036,0.47012558555869427,0.7947877708091212,0.6121839598600203,0.061791720002378016,0.4184405094877779,0.11226966562620555
222,2,180.0,180.0,True,0.5339686467468281,0.48230243183136867,0.7122468284689678,0.257813051186519,0.7595690472514488,0.5054230904537577,0.3395668380843313,0.5140163640149102,0.600910763871429,0.5269458153502644,0.03299879266127535,0.4965827395584209,0.16211384624385955
223,2,180.0,210.0,False,1.023116949653364,0.31732191811094446,0.7004605352957105,0.19645886483603445,1.2668695491346238,0.8433983516277316,0.9441948734018867,0.7509159351561898,0.36728528125373416,0.6606243625621817,0.023138520894181586,0.5593395669740134,0.32605963209600275
224,2,180.0,240.0,False,1.4437252880895464,0.4889354120074282,0.5649318041865594,0.9677738609707821,1.8477024763989425,1.1199091738286338,0.49379990470002577,0.975555695764037,1.3810377080695235,0.6410754329131284,0.05958634000892548,0.866341591313579,0.3797840579147957
225,2,180.0,270.0,False,0.8322373000877812,0.3472605572505184,0.2437400813598322,0.7743461942367756,0.7359186130206485,0.6854267760976278,0.3488820055570745,0.4683818211611572,0.6743088651922515,0.6287671918019014,0.01819494204344685,0.5493960332337269,0.25733541766428053
226,2,180.0,300.0,False,0.38748093221599944,0.3170631903750242,0.2312282227637603,0.7412604204415592,0.4848658586362914,0.584219031636121,0.4327046847508369,0.4498854988675217,0.7486795721027685,0.7758953282178871,0.07915431940930752,0.41925819144908577,0.19396798514756242
227,2,180.0,330.0,False,1.1339969343706389,0.6742705522551056,0.7828137708346746,1.3556810368143155,0.9410506958352615,1.7561803947172063,0.3509899896859694,1.4382937191309721,0.9660380414544075,2.004515554246743,0.11579297819916069,0.9866905735686837,0.272500067114469
228,2,210.0,0.0,False,0.8805484823471892,0.9405108608169249,0.977829997449209,1.6666065439979243,0.9369276072538346,0.6042280524296413,1.3456708279854293,1.0423494515321587,1.1031869099690754,0.9394640767760996,0.10872955149593029,1.1163739711528118,0.3195668207185939
229,2,210.0,30.0,False,0.7740072685124926,1.5612080024922896,0.7667319997382933,1.7916329715167487,1.709267306057486,1.099439562832081,1.9825466192634749,1.2737935467944153,1.0396328605376421,1.2626112896107187,0.06109151755040465,1.223395060564956,0.46029948021527844
230,2,210.0,60.0,False,0.5286220669375762,1.432047962850586,0.5655706510564849,1.7742023625010521,1.4409754482054051,0.7479129568944136,1.7807511954066728,1.280851837606248,0.904550966247438,1.2885017917863255,0.12300361436840215,1.0751107608364248,0.5418519746511806
231,2,210.0,90.0,False,0.5299503190338006,0.8012586478466781,0.35754771799992485,1.3805466948514664,0.8281954550342463,0.26112988776594415,0.9354036712296057,0.6283438512771358,0.8931847926301983,1.054381654131328,0.06450194848586918,0.7673258449329675,0.38776813287614476
232,2,210.0,120.0,False,0.9191259236235714,0.48126180603504654,0.5651553049294982,1.2286171038091402,0.6965129187100635,0.40406253625701716,0.408656858855033,0.5876007952268467,0.8539506554868672,0.7223288135378636,0.03175014268901718,0.7985400345993141,0.2977587733618511
233,2,210.0,150.0,False,0.2928771474450089,0.2325406071243853,0.4406138356823218,0.7001468192142697,0.327919726014512,0.43977155632091625,0.5953011011576017,0.6474195989619509,0.7882040040448306,0.6257117025852128,0.03564718811110226,0.41654460236649643,0.18038892362420708
234,2,210.0,180.0,False,1.2855942610462017,0.19435364804169047,0.6744773934742045,0.28101842657979165,1.4106577028643639,1.226016935416773,1.0827709038764288,0.668071702101469,0.4556519840744991,0.780569195778162,0.023298084758647586,0.6088609322854721,0.43057244322908206
235,2,210.0,210.0,True,1.2185877824835607,0.365888711225707,0.7815379489577579,0.15162196315726287,1.4919940793736208,0.9094749316617703,1.1800355258254938,0.9961573581877659,0.35278781007060733,0.8104994075890457,0.017224515195014972,0.6294091014560721,0.4086557995460274
236,2,210.0,240.0,False,0.6910147766436704,0.6675947214505528,0.5786750244585059,0.8352107734436975,1.2183554553938785,0.6129648228657159,0.3073424886081911,1.1882765329848692,1.356421656148393,0.44764494913852226,0.031722157958611476,0.6931238239991067,0.0921186898468986
237,2,210.0,270.0,False,0.39796500536507406,0.37057995191657633,0.47900989870822963,0.41852011390874994,0.6267448721519088,0.2817481822036498,0.2032304485555064,0.7331621650790989,0.6293126585981573,0.14725701515027,0.02322557798537927,0.4165187424746575,0.03988660092592719
238,2,210.0,300.0,False,0.4570718751364501,0.25257882397427533,0.4714092576168855,0.6970331333874447,0.6543032435955553,0.583079274362007,0.5352870638180555,0.672593934812245,0.7462802211935421,1.0391973854047163,0.061152832854892286,0.4695232725287639,0.1573087924937139
239,2,210.0,330.0,False,1.4313790219822913,0.4869041329898657,0.5316160590734246,1.458070035504818,1.223020147152607,1.5191705698319282,0.6358258588700758,0.9504128022910281,1.2007734597633855,1.8985752119115222,0.13720291550697433,0.9769923123875999,0.4680944050449373
240,2,240.0,0.0,False,0.2738255211045878,1.3297022976390738,0.6827195063781177,1.5567967418496496,1.3468065043389785,0.6803610172270231,1.5399905751151464,0.9074393047525136,0.7305950266527163,0.9586036489057592,0.037101597533986314,0.9607610167428572,0.5100401236683789
241,2,240.0,30.0,False,0.31029392044022347,1.8526926550543628,0.3168655021387725,2.0128757639583528,1.8528612882303945,0.47904787034634877,2.0008053927278437,1.5904692732139114,0.2945600912782712,1.7552471025829015,0.014913793413990552,1.1231819603979278,0.8115839627046909
242,2,240.0,60.0,False,0.24050314104257042,1.10304674853678,0.3554311206125831,1.6301930936217572,0.9276130996593683,0.35244129231867716,1.4723675742937279,0.9717962581120847,0.8278028041736605,1.3974102881766792,0.045979498441025,0.8322935259534228,0.5673545278141733
243,2,240.0,90.0,False,0.7841003370546412,0.5229316451380102,0.38646333339312977,1.3008922105415088,0.7541674800858373,0.4969494926340762,0.5740343184957822,0.439242925663435,1.0836615736038078,0.9600667144410086,0.04096709915365334,0.7485968815318225,0.3494124108428937
244,2,240.0,120.0,False,0.6485045992227629,0.22407498302216153,0.33834977304046393,1.0787578990782873,0.5734189864512023,0.4048802303658131,0.4824314035534156,0.22917155496725555,0.9665760102856864,0.7608316815528547,0.019106686668559827,0.5724218135909189,0.33102116860969977
245,2,240.0,150.0,False,0.5176767074789317,0.2993908744796591,0.13636141847820313,0.9942952994217209,0.4699055258488213,0.4625972587186519,0.7616512718550139,0.4024658663039701,0.90427167155963,0.9566489967358713,0.03607169976771532,0.48693107496462873,0.3226585505703375
246,2,240.0,180.0,False,1.0392145322738062,0.30571196999211836,0.6627487448366759,0.5351293511532881,1.1042694523181202,0.8752722116270065,0.7649987154053386,0.8863267841831379,0.5635036448690973,0.6251482002368776,0.04823685575316134,0.6357011495639722,0.26578288493902
247,2,240.0,210.0,False,0.4711815136118228,0.3156764518888926,0.7918440462482805,0.14936267245192456,0.6339885250298847,0.7338141071612264,0.45415968897047754,1.055791303094962,0.2481407314583713,0.8440805905047324,0.022137024535041756,0.4320161710502301,0.23687441522456149
248,2,240.0,240.0,True,0.4564473923159571,0.5651373981677974,0.4962176358677865,0.5955396496370314,0.6699782074965139,0.5955349479748817,0.3210794850004053,0.9702614261701556,0.9404894398219958,0.41919561894554447,0.026478914012194876,0.5283355189971431,0.054932309845836344
249,2,240.0,270.0,False,0.3583511766989389,0.28236318650837755,0.43930817290696833,0.47368606640515837,0.4731173446225755,0.32585605218053804,0.21155070605915427,0.6349903706094874,0.6090162159248884,0.17864668466022038,0.030348809630804795,0.3884271506298608,0.07418235949368215
250,2,240.0,300.0,False,0.26590713542638134,0.3488643288245208,0.4172880449698617,0.3952197563212774,0.4092922561832628,0.40912779836456536,0.2390247195953859,0.58523489964539,0.3738593460162555,0.507515914554934,0.04961355160945775,0.3568198163855103,0.058007256866510516
251,2,240.0,330.0,False,0.5951314359865663,0.8091813822091288,0.5479622663040332,1.1337222399849054,0.5772251242773331,0.3870325996255535,0.8332660895375352,0.7795900479790323,0.6659651140123702,1.0168716731076526,0.0777483969584799,0.7714993311211584,0.2311383927764776
252,2,270.0,0.0,False,0.38733328838532466,1.1438164953438468,0.4780587483586045,1.2264289217874769,1.31253457819087,0.7549158997473018,1.4340877764276394,0.7300134514790582,0.2723248833911436,0.7801318767303396,0.03556083812224094,0.8089093634688131,0.3787063127150694
253,2,270.0,30.0,False,0.4367960530056362,1.3411792864385297,0.45871634383159776,1.5925035519314783,1.553748408695642,0.8085751054918779,1.8442927054979548,1.0539007155305384,0.4340602384180946,1.2185347285101653,0.10558106012200069,0.9572988088018104,0.517290266671481
254,2,270.0,60.0,False,0.31397496570473477,0.6122411900553831,0.7916517732927788,0.986373705144419,0.7241046416635364,1.0101812247728879,1.1139483913498134,0.8998731670483568,0.5041115435820793,0.7029061880700269,0.02257889249362272,0.6760604085493289,0.24740375210175647
255,2,270.0,90.0,False,0.26318372578025984,0.197044502299704,0.720826619387253,0.6715537493877397,0.3836533491686586,0.5749452568006994,0.462841195365655,0.8530825022248769,0.7980667958401797,0.5624422691086773,0.020994734383266357,0.46315214921373915,0.23485527972076825
256,2,270.0,120.0,False,0.15788678442428436,0.5617406889902501,0.7235570166915412,0.8166811308304645,0.5802561886702151,0.7916126041588396,0.8128014244270851,1.1524018447751485,0.6987102474119404,1.2282744909148107,0.10198264242708338,0.564966405234135,0.25210885944788175
257,2,270.0,150.0,False,0.2691584568900003,1.0961953941230917,0.20708070261855094,1.2338290707519202,1.0091957163699365,0.3478783972433119,1.1296703579057221,1.1984412761581882,0.19230899358021253,1.3374690223525727,0.02423447319485151,0.7015659060958908,0.4665105378919734
258,2,270.0,180.0,False,0.2837247789997503,1.0036297464065322,0.3308381406744303,1.0001234782469264,0.762645214635662,0.3876750504171308,0.9089309647462818,1.0733649956851088,0.47101061475722344,1.079716129752149,0.07810098238151723,0.6545790360819098,0.34769901036832596
259,2,270.0,210.0,False,0.20910796218339972,0.204517145838139,0.8099950654530134,0.17035791611243645,0.274314410420882,0.7889248355335985,0.3423667845427898,0.9619449728645388,0.3227539637995547,0.8090233065563135,0.0998196016226972,0.3484945223967471,0.2668677106117039
260,2,270.0,240.0,False,0.4120324970695711,0.4723458751653407,0.5373768071213344,0.3583505687455399,0.5155753480520351,0.5393067146878444,0.16805388618071782,0.9056290621159668,0.5046559274589258,0.4643808785335468,0.01936502830614041,0.4450264370254466,0.06685104481796564
261,2,270.0,270.0,True,0.18902232931463112,0.16242514696903032,0.34105431437843436,0.43744576248320083,0.26028794249349607,0.3697886019017928,0.35944936894615387,0.2659973682842427,0.33973993628402016,0.15213052230359153,0.035579389581119045,0.2824868882863242,0.11246426277192692
262,2,270.0,300.0,False,0.10604053441173818,0.25954691646187456,0.27971521401603483,0.3058970071362741,0.2619848015787186,0.24718188626694282,0.29936018181504154,0.27428093393885006,0.05850843719536791,0.286830280794613,0.027866723925969804,0.23779991800648043,0.07782604431455607
263,2,270.0,330.0,False,0.18624303638751494,0.6424080994736885,0.3384932525403228,0.7635908905198872,0.4697579408482694,0.2682398595673276,0.593006947123531,0.3968915988916868,0.2264263059056535,0.5715402594151832,0.028522728690941974,0.48268381973035335,0.23080765024939148
264,2,300.0,0.0,False,0.354522611720839,0.8458281411814315,0.5710268647674974,0.9670504011755652,1.1037481632840644,0.8743944176575879,1.2630660255739334,0.33544479097221996,0.2530144452600123,0.4283243420792438,0.02022351784395262,0.6846070047113333,0.23854909438966945
265,2,300.0,30.0,False,0.5002479330019146,0.5338066114895812,0.9886341400471541,0.7524623111713158,0.8181654492429892,1.3839363996467826,1.0499762107225425,0.7319874332644494,0.3269847154560661,0.5811507639367908,0.02636749683170011,0.6937877489274914,0.1958498936017245
266,2,300.0,60.0,False,0.2784781385573009,0.27757697134641124,1.441697378479636,0.43242414349082037,0.16563170877869443,1.606463805410515,0.27537351858103376,1.6310949775148262,0.24385130424837123,1.5912453360109775,0.1849517478342393,0.6075441579685421,0.4857060335578998
267,2,300.0,90.0,False,0.5164927997471521,0.519446601098134,1.252230921744065,0.4500847897409105,0.6879683981370766,0.9387730603912268,0.3106635574301594,1.4377013359523974,0.42390676886788986,1.1703073997486317,0.15456795858507774,0.6845637780825654,0.32891409131430605
268,2,300.0,120.0,False,0.5723667297844817,1.0984159636822013,0.9441272468783031,0.6639703169596514,1.5709301819750034,0.6663219741647115,0.9967237816176022,1.7154272588353843,0.8910548914689452,1.3632962873982746,0.048618359688044455,0.8197200643261593,0.21129967303692976
269,2,300.0,150.0,False,0.23101323763616294,1.6381658106484343,0.14625234722035857,1.4688004041017462,1.7794721374322244,0.17243920974368143,1.4444608572159683,1.6728528474361255,0.9596061718144707,1.4596453554739146,0.028019380866300236,0.8710579499016755,0.685702360166177
270,2,300.0,180.0,False,0.30455633446632924,0.7704322787204356,0.6632225774153482,1.0987670919647325,0.6715086361610481,0.6660476623389409,0.8377826435389337,0.6604643938934869,0.9144393237739943,1.0488338276095592,0.05205529441177352,0.7092445706417114,0.28344414026269793
271,2,300.0,210.0,False,0.22734023138401538,0.19699336301357284,1.1913021004061277,0.32632542764081934,0.34586527890513874,1.1049561496997367,0.27181275859468557,1.2080485138353332,0.5020305208781215,1.366846960358504,0.08580866827489834,0.48549028061113386,0.41029736008248957
272,2,300.0,240.0,False,0.26247430788587134,0.48330036688594435,0.8269860987183205,0.3567808473673436,0.6871130519397212,0.6051353896135614,0.4713830243153433,1.1501990275080876,0.3089857344434924,0.9484023242936581,0.05586961117085701,0.4823854052143699,0.21382695737350066
273,2,300.0,270.0,False,0.28112539010689186,0.21180883762735137,0.34110936878488446,0.26378444743443014,0.31433607802817454,0.32891129159461713,0.29511938081457223,0.23096455222082402,0.11956453566976696,0.1510628448844482,0.014935698200546403,0.2744570109883895,0.046167362167953814
274,2,300.0,300.0,True,0.16350550521335577,0.2384675144144926,0.20979237480103888,0.25085806004936884,0.30254956048331283,0.2241957124835578,0.34211882665414195,0.12657257388734958,0.07718488233087725,0.19246237548838285,0.03440397526945681,0.21565586361956401,0.033591689554461505
275,2,300.0,330.0,False,0.10362206946299607,0.46398898716820036,0.20814081302517645,0.5635608279301563,0.4717031989778895,0.23123371474424084,0.5484065381176533,0.2625622858303144,0.21308652127985322,0.40427716094788535,0.052563523566369334,0.3348281743966323,0.1860827052940067
276,2,330.0,0.0,False,0.3612645881653415,0.3335808389066788,0.7569306900892664,0.8455462757333378,0.5946963344603602,0.7528086123676503,0.7834008176265226,0.47834272757845264,0.5627160889480497,0.24223799019587539,0.02528809960968006,0.5743305982236562,0.22926966029640583
277,2,330.0,30.0,False,0.5186963675515981,0.2436464387327695,1.2477730157010365,0.6243758522304275,0.6825397390243042,1.462727543288071,0.5006318725602446,1.0588736534265712,0.6948848090481361,1.2261626497375662,0.08110844148544326,0.6586229185539578,0.367442382218077
278,2,330.0,60.0,False,0.5187249201996749,0.30862852425575543,1.2262191013711274,0.6555679912143094,0.5252320025795396,1.3832900073823877,0.20835557683257,1.4218920180250514,0.6473110141958163,1.4053167650768952,0.04297846066776702,0.6772851342602167,0.3401650967299207
279,2,330.0,90.0,False,0.630755643296786,0.7323841825499471,1.3918127654146621,0.6544310548204659,1.1222532121144577,0.9863150353569486,0.3515751870079977,1.8192505401445975,0.8313196220931731,1.2902650514560658,0.07757038938696452,0.8523459115204652,0.31372274397233385
280,2,330.0,120.0,False,0.6006518710807092,0.9142199333202119,0.7848986532390703,0.8449127459198895,1.3245968463334319,0.7678283095655039,0.7178665476629619,1.1636963701330356,1.2721438198698383,1.3355210587570998,0.060616724074535125,0.7861708008899702,0.11647541382117392
281,2,330.0,150.0,False,0.5002937525117477,0.6811520665710107,0.2723593624888011,1.3242882759625718,0.8919869242645164,0.6143113097194172,0.9488167112291833,0.5797820678247212,1.137808078662579,1.168576643758915,0.020004428398453192,0.6945233643835329,0.3913854309005974
282,2,330.0,180.0,False,0.687897536878034,0.1158113549895102,1.2019593578203125,0.7521815367335798,0.6102033458721787,1.3865725891734146,0.21983044206453603,1.1780771493008335,0.6851633294045852,1.5185875925214591,0.05365849496373172,0.6894624466053592,0.38589661572948825
283,2,330.0,210.0,False,0.9120317742946551,0.3095320217799738,1.692659638873195,0.5156273591802745,1.0085643690598325,1.5873766641691214,0.68132747446466,1.6178828560176537,0.6600905136555526,2.020942509554338,0.07162403696079267,0.8574626985320246,0.5285856456007216
284,2,330.0,240.0,False,0.4153570814757098,0.8741838320069081,1.083054093140561,0.7470389683288023,0.9565182150747444,0.9140571823038498,0.8251937436925638,1.6893639169334096,0.3702318721019973,1.604554955982592,0.09749912018322963,0.7799084937379953,0.2422618581854721
285,2,330.0,270.0,False,0.33701106477880327,0.4090409363713978,0.47874469238899386,0.42575747987684265,0.5482741386854542,0.5061725835485364,0.6215133502875868,0.3230755826761422,0.2238508327746145,0.5308018920437186,0.023414839493039144,0.4126385433540094,0.05068182052612727
286,2,330.0,300.0,False,0.34996711856252943,0.35672242142610866,0.24002596822104139,0.34575751639382574,0.6050776315918749,0.5035990514041456,0.6361027817069755,0.12255757967918085,0.11177691357987111,0.1465091182530489,0.03277011189996551,0.3231182561508763,0.04813254032982155
287,2,330.0,330.0,True,0.2522833926461949,0.3417160239278306,0.2684807682417303,0.4922852662614715,0.5671939893690161,0.48292415255821564,0.6768912310537551,0.12571725856516827,0.3136437139555041,0.27617535442440444,0.020938231798508088,0.33869136276930684,0.09486319182090153
