model_A,model_B,n_trials,prep_steps,neural_dim,procrustes_mode,procrustes_distance,centroid_distance_pointcloud,sliced_wasserstein,mmd2_rbf,ablation_direction_idx,student_run
index_cued_first_diffusion_0.3_swap_7_ablated_dir_00,index_cued_first_diffusion_0.3_swap_recovery_ablation_0_0,288,26,16,orthogonal_no_scaling,0.6275657581469365,29.428424095893998,9.64028538565669,0.17800924301929477,0,index_cued_first_diffusion_0.3_swap_recovery_ablation_0_0
index_cued_first_diffusion_0.3_swap_7_ablated_dir_00,index_cued_first_diffusion_0.3_swap_recovery_ablation_1_0,288,26,16,orthogonal_no_scaling,0.5973862974851349,53.32905645451518,12.05253952926569,0.2041231211066714,0,index_cued_first_diffusion_0.3_swap_recovery_ablation_1_0
index_cued_first_diffusion_0.3_swap_7_ablated_dir_00,index_cued_first_diffusion_0.3_swap_recovery_ablation_4_0,288,26,16,orthogonal_no_scaling,0.5852443959850074,24.005524846264297,8.721621946654214,0.1524858294944832,0,index_cued_first_diffusion_0.3_swap_recovery_ablation_4_0
index_cued_first_diffusion_0.3_swap_7_ablated_dir_00,index_cued_first_diffusion_0.3_swap_recovery_ablation_5_0,288,26,16,orthogonal_no_scaling,0.37344478043576024,18.231381912270738,5.9437723183628,0.08109375375215833,0,index_cued_first_diffusion_0.3_swap_recovery_ablation_5_0
index_cued_first_diffusion_0.3_swap_7_ablated_dir_00,index_cued_first_diffusion_0.3_swap_recovery_ablation_6_0,288,26,16,orthogonal_no_scaling,1.1510479096404065,161.36548664196008,32.902796955953086,0.4167179352035276,0,index_cued_first_diffusion_0.3_swap_recovery_ablation_6_0
index_cued_first_diffusion_0.3_swap_7_ablated_dir_00,index_cued_first_diffusion_0.3_swap_ablation_7_1,288,26,16,orthogonal_no_scaling,0.09118933974286955,29.056909547637055,6.274786685140312,0.046539601629039695,0,index_cued_first_diffusion_0.3_swap_ablation_7_1
index_cued_first_diffusion_0.3_swap_7_ablated_dir_01,index_cued_first_diffusion_0.3_swap_recovery_ablation_0_0,288,26,16,orthogonal_no_scaling,0.8121520451629941,38.11026926368433,13.592962731331008,0.16147374682406357,1,index_cued_first_diffusion_0.3_swap_recovery_ablation_0_0
index_cued_first_diffusion_0.3_swap_7_ablated_dir_01,index_cued_first_diffusion_0.3_swap_recovery_ablation_1_0,288,26,16,orthogonal_no_scaling,0.7319101504316267,52.236048563454055,15.60845811356815,0.1726029127806583,1,index_cued_first_diffusion_0.3_swap_recovery_ablation_1_0
index_cued_first_diffusion_0.3_swap_7_ablated_dir_01,index_cued_first_diffusion_0.3_swap_recovery_ablation_4_0,288,26,16,orthogonal_no_scaling,0.8051263979907183,36.92787621564632,12.50147593182967,0.13262558537637137,1,index_cued_first_diffusion_0.3_swap_recovery_ablation_4_0
index_cued_first_diffusion_0.3_swap_7_ablated_dir_01,index_cued_first_diffusion_0.3_swap_recovery_ablation_5_0,288,26,16,orthogonal_no_scaling,0.7037877422289479,38.44177755068605,10.401015208248435,0.08141683889963014,1,index_cued_first_diffusion_0.3_swap_recovery_ablation_5_0
index_cued_first_diffusion_0.3_swap_7_ablated_dir_01,index_cued_first_diffusion_0.3_swap_recovery_ablation_6_0,288,26,16,orthogonal_no_scaling,0.6651279897284906,141.0892724174826,29.45038837334183,0.3486231899126979,1,index_cued_first_diffusion_0.3_swap_recovery_ablation_6_0
index_cued_first_diffusion_0.3_swap_7_ablated_dir_01,index_cued_first_diffusion_0.3_swap_ablation_7_1,288,26,16,orthogonal_no_scaling,0.5111302171242488,29.72137922459944,7.812472924102689,0.02894762582940147,1,index_cued_first_diffusion_0.3_swap_ablation_7_1
index_cued_first_diffusion_0.3_swap_7_ablated_dir_02,index_cued_first_diffusion_0.3_swap_recovery_ablation_0_0,288,26,16,orthogonal_no_scaling,0.8096244510013797,37.30272942439808,14.015072005835442,0.1619712071370406,2,index_cued_first_diffusion_0.3_swap_recovery_ablation_0_0
index_cued_first_diffusion_0.3_swap_7_ablated_dir_02,index_cued_first_diffusion_0.3_swap_recovery_ablation_1_0,288,26,16,orthogonal_no_scaling,0.7280108935832035,51.1389071812395,15.486631649409507,0.1743073708227738,2,index_cued_first_diffusion_0.3_swap_recovery_ablation_1_0
index_cued_first_diffusion_0.3_swap_7_ablated_dir_02,index_cued_first_diffusion_0.3_swap_recovery_ablation_4_0,288,26,16,orthogonal_no_scaling,0.8028860585081643,37.38689982037287,13.076078367914613,0.13279107574992632,2,index_cued_first_diffusion_0.3_swap_recovery_ablation_4_0
index_cued_first_diffusion_0.3_swap_7_ablated_dir_02,index_cued_first_diffusion_0.3_swap_recovery_ablation_5_0,288,26,16,orthogonal_no_scaling,0.7008601822279145,38.964167892572966,10.705667267232315,0.08579355805501132,2,index_cued_first_diffusion_0.3_swap_recovery_ablation_5_0
index_cued_first_diffusion_0.3_swap_7_ablated_dir_02,index_cued_first_diffusion_0.3_swap_recovery_ablation_6_0,288,26,16,orthogonal_no_scaling,0.6591341674938542,139.79984952296044,34.17943994005171,0.3457818767616401,2,index_cued_first_diffusion_0.3_swap_recovery_ablation_6_0
index_cued_first_diffusion_0.3_swap_7_ablated_dir_02,index_cued_first_diffusion_0.3_swap_ablation_7_1,288,26,16,orthogonal_no_scaling,0.5068998224411556,30.235233554239276,8.120404067814832,0.029726297316845507,2,index_cued_first_diffusion_0.3_swap_ablation_7_1
index_cued_first_diffusion_0.3_swap_7_ablated_dir_03,index_cued_first_diffusion_0.3_swap_recovery_ablation_0_0,288,26,16,orthogonal_no_scaling,0.797834654563471,37.61612672995257,13.423066155884028,0.16865629910308388,3,index_cued_first_diffusion_0.3_swap_recovery_ablation_0_0
index_cued_first_diffusion_0.3_swap_7_ablated_dir_03,index_cued_first_diffusion_0.3_swap_recovery_ablation_1_0,288,26,16,orthogonal_no_scaling,0.7137047292708839,49.79023260748364,15.002931215251403,0.1721665848070153,3,index_cued_first_diffusion_0.3_swap_recovery_ablation_1_0
index_cued_first_diffusion_0.3_swap_7_ablated_dir_03,index_cued_first_diffusion_0.3_swap_recovery_ablation_4_0,288,26,16,orthogonal_no_scaling,0.7897341632391733,36.71305618026491,12.243394672080846,0.15117164843620223,3,index_cued_first_diffusion_0.3_swap_recovery_ablation_4_0
index_cued_first_diffusion_0.3_swap_7_ablated_dir_03,index_cued_first_diffusion_0.3_swap_recovery_ablation_5_0,288,26,16,orthogonal_no_scaling,0.6801778588619869,35.17495209626737,9.864102735919293,0.09107062152250611,3,index_cued_first_diffusion_0.3_swap_recovery_ablation_5_0
index_cued_first_diffusion_0.3_swap_7_ablated_dir_03,index_cued_first_diffusion_0.3_swap_recovery_ablation_6_0,288,26,16,orthogonal_no_scaling,0.6634577385689538,150.33213207575997,36.97880339931089,0.3635393919848683,3,index_cued_first_diffusion_0.3_swap_recovery_ablation_6_0
index_cued_first_diffusion_0.3_swap_7_ablated_dir_03,index_cued_first_diffusion_0.3_swap_ablation_7_1,288,26,16,orthogonal_no_scaling,0.47353550920024806,27.835529836395395,7.185908987988649,0.01636331139807934,3,index_cued_first_diffusion_0.3_swap_ablation_7_1
index_cued_first_diffusion_0.3_swap_7_ablated_dir_04,index_cued_first_diffusion_0.3_swap_recovery_ablation_0_0,288,26,16,orthogonal_no_scaling,0.8037255435563176,35.838619664138406,13.127031665185502,0.16961976984978633,4,index_cued_first_diffusion_0.3_swap_recovery_ablation_0_0
index_cued_first_diffusion_0.3_swap_7_ablated_dir_04,index_cued_first_diffusion_0.3_swap_recovery_ablation_1_0,288,26,16,orthogonal_no_scaling,0.7223861790081636,44.3308813967778,13.853005508436375,0.1708934727803344,4,index_cued_first_diffusion_0.3_swap_recovery_ablation_1_0
index_cued_first_diffusion_0.3_swap_7_ablated_dir_04,index_cued_first_diffusion_0.3_swap_recovery_ablation_4_0,288,26,16,orthogonal_no_scaling,0.7954488519885795,33.183598121865394,11.609196845322847,0.141021721349323,4,index_cued_first_diffusion_0.3_swap_recovery_ablation_4_0
index_cued_first_diffusion_0.3_swap_7_ablated_dir_04,index_cued_first_diffusion_0.3_swap_recovery_ablation_5_0,288,26,16,orthogonal_no_scaling,0.6886149283378777,35.816924774713506,9.566723506543202,0.08604539883606932,4,index_cued_first_diffusion_0.3_swap_recovery_ablation_5_0
index_cued_first_diffusion_0.3_swap_7_ablated_dir_04,index_cued_first_diffusion_0.3_swap_recovery_ablation_6_0,288,26,16,orthogonal_no_scaling,0.6734220550416515,145.23626743377565,31.24648074477026,0.3525505394451308,4,index_cued_first_diffusion_0.3_swap_recovery_ablation_6_0
index_cued_first_diffusion_0.3_swap_7_ablated_dir_04,index_cued_first_diffusion_0.3_swap_ablation_7_1,288,26,16,orthogonal_no_scaling,0.485871307296935,26.535052013549546,6.983019098153797,0.030830246261002947,4,index_cued_first_diffusion_0.3_swap_ablation_7_1
index_cued_first_diffusion_0.3_swap_7_ablated_dir_05,index_cued_first_diffusion_0.3_swap_recovery_ablation_0_0,288,26,16,orthogonal_no_scaling,0.8078700873122114,35.7123100611691,14.371132059250701,0.15683042836569927,5,index_cued_first_diffusion_0.3_swap_recovery_ablation_0_0
index_cued_first_diffusion_0.3_swap_7_ablated_dir_05,index_cued_first_diffusion_0.3_swap_recovery_ablation_1_0,288,26,16,orthogonal_no_scaling,0.72620412470095,50.24048297636693,16.549948653602286,0.17152711636378348,5,index_cued_first_diffusion_0.3_swap_recovery_ablation_1_0
index_cued_first_diffusion_0.3_swap_7_ablated_dir_05,index_cued_first_diffusion_0.3_swap_recovery_ablation_4_0,288,26,16,orthogonal_no_scaling,0.8008626530720918,36.22416564773908,12.915886357593035,0.1332709550881792,5,index_cued_first_diffusion_0.3_swap_recovery_ablation_4_0
index_cued_first_diffusion_0.3_swap_7_ablated_dir_05,index_cued_first_diffusion_0.3_swap_recovery_ablation_5_0,288,26,16,orthogonal_no_scaling,0.6977056834295645,37.739640018650825,10.740446264307893,0.08086192213800014,5,index_cued_first_diffusion_0.3_swap_recovery_ablation_5_0
index_cued_first_diffusion_0.3_swap_7_ablated_dir_05,index_cued_first_diffusion_0.3_swap_recovery_ablation_6_0,288,26,16,orthogonal_no_scaling,0.6631608998351136,140.12324210890588,30.542825425385644,0.3481592905083174,5,index_cued_first_diffusion_0.3_swap_recovery_ablation_6_0
index_cued_first_diffusion_0.3_swap_7_ablated_dir_05,index_cued_first_diffusion_0.3_swap_ablation_7_1,288,26,16,orthogonal_no_scaling,0.5011842175632847,29.363785256785363,7.818127706319659,0.03259068865198134,5,index_cued_first_diffusion_0.3_swap_ablation_7_1
index_cued_first_diffusion_0.3_swap_7_ablated_dir_06,index_cued_first_diffusion_0.3_swap_recovery_ablation_0_0,288,26,16,orthogonal_no_scaling,0.8114048481877121,40.79196573497183,13.788859206829358,0.19381964518146622,6,index_cued_first_diffusion_0.3_swap_recovery_ablation_0_0
index_cued_first_diffusion_0.3_swap_7_ablated_dir_06,index_cued_first_diffusion_0.3_swap_recovery_ablation_1_0,288,26,16,orthogonal_no_scaling,0.7307698985204245,51.7451778021406,15.976923966307544,0.1734120179568137,6,index_cued_first_diffusion_0.3_swap_recovery_ablation_1_0
index_cued_first_diffusion_0.3_swap_7_ablated_dir_06,index_cued_first_diffusion_0.3_swap_recovery_ablation_4_0,288,26,16,orthogonal_no_scaling,0.8055122823302335,38.56000729002695,11.873097666845783,0.1607089381919644,6,index_cued_first_diffusion_0.3_swap_recovery_ablation_4_0
index_cued_first_diffusion_0.3_swap_7_ablated_dir_06,index_cued_first_diffusion_0.3_swap_recovery_ablation_5_0,288,26,16,orthogonal_no_scaling,0.7065079011633804,41.945802185902544,10.37282875015778,0.13565082029057873,6,index_cued_first_diffusion_0.3_swap_recovery_ablation_5_0
index_cued_first_diffusion_0.3_swap_7_ablated_dir_06,index_cued_first_diffusion_0.3_swap_recovery_ablation_6_0,288,26,16,orthogonal_no_scaling,0.6637299173450609,134.14945548750595,31.13399597432688,0.33497568811429623,6,index_cued_first_diffusion_0.3_swap_recovery_ablation_6_0
index_cued_first_diffusion_0.3_swap_7_ablated_dir_06,index_cued_first_diffusion_0.3_swap_ablation_7_1,288,26,16,orthogonal_no_scaling,0.5153995149198205,32.44443745427537,8.407543682461565,0.09951840880184504,6,index_cued_first_diffusion_0.3_swap_ablation_7_1
index_cued_first_diffusion_0.3_swap_7_ablated_dir_07,index_cued_first_diffusion_0.3_swap_recovery_ablation_0_0,288,26,16,orthogonal_no_scaling,0.7546779943990076,34.06670375297021,12.147177606657824,0.16216216936687033,7,index_cued_first_diffusion_0.3_swap_recovery_ablation_0_0
index_cued_first_diffusion_0.3_swap_7_ablated_dir_07,index_cued_first_diffusion_0.3_swap_recovery_ablation_1_0,288,26,16,orthogonal_no_scaling,0.6641063029754802,48.995831083216274,13.801371226681416,0.17337959668324343,7,index_cued_first_diffusion_0.3_swap_recovery_ablation_1_0
index_cued_first_diffusion_0.3_swap_7_ablated_dir_07,index_cued_first_diffusion_0.3_swap_recovery_ablation_4_0,288,26,16,orthogonal_no_scaling,0.743476642159947,30.007448797199665,10.73210166074664,0.12898736966709567,7,index_cued_first_diffusion_0.3_swap_recovery_ablation_4_0
index_cued_first_diffusion_0.3_swap_7_ablated_dir_07,index_cued_first_diffusion_0.3_swap_recovery_ablation_5_0,288,26,16,orthogonal_no_scaling,0.6127258528013582,29.312564880928782,8.433354776870349,0.08220488139432736,7,index_cued_first_diffusion_0.3_swap_recovery_ablation_5_0
index_cued_first_diffusion_0.3_swap_7_ablated_dir_07,index_cued_first_diffusion_0.3_swap_recovery_ablation_6_0,288,26,16,orthogonal_no_scaling,0.7090783635832691,142.86183945223797,34.01232258813387,0.35393008948482274,7,index_cued_first_diffusion_0.3_swap_recovery_ablation_6_0
index_cued_first_diffusion_0.3_swap_7_ablated_dir_07,index_cued_first_diffusion_0.3_swap_ablation_7_1,288,26,16,orthogonal_no_scaling,0.3608964268358354,20.578190456578792,5.968725937967264,0.028705454763848892,7,index_cued_first_diffusion_0.3_swap_ablation_7_1
index_cued_first_diffusion_0.3_swap_7_ablated_dir_08,index_cued_first_diffusion_0.3_swap_recovery_ablation_0_0,288,26,16,orthogonal_no_scaling,0.7832131944192652,33.03577623715202,12.772206304553364,0.1601339537331018,8,index_cued_first_diffusion_0.3_swap_recovery_ablation_0_0
index_cued_first_diffusion_0.3_swap_7_ablated_dir_08,index_cued_first_diffusion_0.3_swap_recovery_ablation_1_0,288,26,16,orthogonal_no_scaling,0.6963052829711612,49.824550777051456,14.811665164791137,0.1726457610402472,8,index_cued_first_diffusion_0.3_swap_recovery_ablation_1_0
index_cued_first_diffusion_0.3_swap_7_ablated_dir_08,index_cued_first_diffusion_0.3_swap_recovery_ablation_4_0,288,26,16,orthogonal_no_scaling,0.7742049207348091,32.27035845157622,11.47001539902805,0.13217269619372096,8,index_cued_first_diffusion_0.3_swap_recovery_ablation_4_0
index_cued_first_diffusion_0.3_swap_7_ablated_dir_08,index_cued_first_diffusion_0.3_swap_recovery_ablation_5_0,288,26,16,orthogonal_no_scaling,0.6575967255391125,33.11412479323076,9.215437251259393,0.08049647877048427,8,index_cued_first_diffusion_0.3_swap_recovery_ablation_5_0
index_cued_first_diffusion_0.3_swap_7_ablated_dir_08,index_cued_first_diffusion_0.3_swap_recovery_ablation_6_0,288,26,16,orthogonal_no_scaling,0.6742436078654747,140.2402581846667,30.836123688930762,0.34966683688670464,8,index_cued_first_diffusion_0.3_swap_recovery_ablation_6_0
index_cued_first_diffusion_0.3_swap_7_ablated_dir_08,index_cued_first_diffusion_0.3_swap_ablation_7_1,288,26,16,orthogonal_no_scaling,0.43578602150130596,23.60154959538213,6.783362065976005,0.030060941024037557,8,index_cued_first_diffusion_0.3_swap_ablation_7_1
index_cued_first_diffusion_0.3_swap_7_ablated_dir_09,index_cued_first_diffusion_0.3_swap_recovery_ablation_0_0,288,26,16,orthogonal_no_scaling,0.812049088871017,38.21306312283797,13.661723469823041,0.15846450396787792,9,index_cued_first_diffusion_0.3_swap_recovery_ablation_0_0
index_cued_first_diffusion_0.3_swap_7_ablated_dir_09,index_cued_first_diffusion_0.3_swap_recovery_ablation_1_0,288,26,16,orthogonal_no_scaling,0.7306280646252742,50.22169676495731,16.602492550990345,0.17569409901491118,9,index_cued_first_diffusion_0.3_swap_recovery_ablation_1_0
index_cued_first_diffusion_0.3_swap_7_ablated_dir_09,index_cued_first_diffusion_0.3_swap_recovery_ablation_4_0,288,26,16,orthogonal_no_scaling,0.8055554897429176,38.175971124253564,12.346955716322492,0.1308068619522107,9,index_cued_first_diffusion_0.3_swap_recovery_ablation_4_0
index_cued_first_diffusion_0.3_swap_7_ablated_dir_09,index_cued_first_diffusion_0.3_swap_recovery_ablation_5_0,288,26,16,orthogonal_no_scaling,0.7047732768930859,39.52987142728069,10.460338673003296,0.0873531727536081,9,index_cued_first_diffusion_0.3_swap_recovery_ablation_5_0
index_cued_first_diffusion_0.3_swap_7_ablated_dir_09,index_cued_first_diffusion_0.3_swap_recovery_ablation_6_0,288,26,16,orthogonal_no_scaling,0.6561834031687995,139.26843419213404,30.116889995720456,0.3440014604893493,9,index_cued_first_diffusion_0.3_swap_recovery_ablation_6_0
index_cued_first_diffusion_0.3_swap_7_ablated_dir_09,index_cued_first_diffusion_0.3_swap_ablation_7_1,288,26,16,orthogonal_no_scaling,0.5131131672215754,32.05527567306113,8.103416327249155,0.031822774784084684,9,index_cued_first_diffusion_0.3_swap_ablation_7_1
index_cued_first_diffusion_0.3_swap_7_ablated_dir_10,index_cued_first_diffusion_0.3_swap_recovery_ablation_0_0,288,26,16,orthogonal_no_scaling,0.8182675034593091,44.7531781447939,15.658071090006631,0.18550848180043022,10,index_cued_first_diffusion_0.3_swap_recovery_ablation_0_0
index_cued_first_diffusion_0.3_swap_7_ablated_dir_10,index_cued_first_diffusion_0.3_swap_recovery_ablation_1_0,288,26,16,orthogonal_no_scaling,0.7393148549660876,58.88654437073982,17.47353829685975,0.19256068577487118,10,index_cued_first_diffusion_0.3_swap_recovery_ablation_1_0
index_cued_first_diffusion_0.3_swap_7_ablated_dir_10,index_cued_first_diffusion_0.3_swap_recovery_ablation_4_0,288,26,16,orthogonal_no_scaling,0.8115674354513586,39.18970650993719,13.748563304436473,0.13461102560256777,10,index_cued_first_diffusion_0.3_swap_recovery_ablation_4_0
index_cued_first_diffusion_0.3_swap_7_ablated_dir_10,index_cued_first_diffusion_0.3_swap_recovery_ablation_5_0,288,26,16,orthogonal_no_scaling,0.7129883319294372,41.051013548076924,11.21529419861403,0.07819084026140966,10,index_cued_first_diffusion_0.3_swap_recovery_ablation_5_0
index_cued_first_diffusion_0.3_swap_7_ablated_dir_10,index_cued_first_diffusion_0.3_swap_recovery_ablation_6_0,288,26,16,orthogonal_no_scaling,0.6612903979758539,141.59382365086563,35.860391942112926,0.3523646670847722,10,index_cued_first_diffusion_0.3_swap_recovery_ablation_6_0
index_cued_first_diffusion_0.3_swap_7_ablated_dir_10,index_cued_first_diffusion_0.3_swap_ablation_7_1,288,26,16,orthogonal_no_scaling,0.5269432878536097,32.0585207430595,8.824429092806856,0.03314643096857184,10,index_cued_first_diffusion_0.3_swap_ablation_7_1
index_cued_first_diffusion_0.3_swap_7_ablated_dir_11,index_cued_first_diffusion_0.3_swap_recovery_ablation_0_0,288,26,16,orthogonal_no_scaling,0.8384925931138327,55.194133114855894,17.874352761895803,0.1596500281522868,11,index_cued_first_diffusion_0.3_swap_recovery_ablation_0_0
index_cued_first_diffusion_0.3_swap_7_ablated_dir_11,index_cued_first_diffusion_0.3_swap_recovery_ablation_1_0,288,26,16,orthogonal_no_scaling,0.7611567887658055,70.68167479589212,19.75680578769202,0.17050591348708632,11,index_cued_first_diffusion_0.3_swap_recovery_ablation_1_0
index_cued_first_diffusion_0.3_swap_7_ablated_dir_11,index_cued_first_diffusion_0.3_swap_recovery_ablation_4_0,288,26,16,orthogonal_no_scaling,0.8361919696552538,56.40778971660174,16.831489571516574,0.12743398031649944,11,index_cued_first_diffusion_0.3_swap_recovery_ablation_4_0
index_cued_first_diffusion_0.3_swap_7_ablated_dir_11,index_cued_first_diffusion_0.3_swap_recovery_ablation_5_0,288,26,16,orthogonal_no_scaling,0.7535194918483674,58.218743565518196,14.65131082876635,0.06532272631707214,11,index_cued_first_diffusion_0.3_swap_recovery_ablation_5_0
index_cued_first_diffusion_0.3_swap_7_ablated_dir_11,index_cued_first_diffusion_0.3_swap_recovery_ablation_6_0,288,26,16,orthogonal_no_scaling,0.6374765185722575,133.1424986734894,36.01551221749707,0.32591101038158576,11,index_cued_first_diffusion_0.3_swap_recovery_ablation_6_0
index_cued_first_diffusion_0.3_swap_7_ablated_dir_11,index_cued_first_diffusion_0.3_swap_ablation_7_1,288,26,16,orthogonal_no_scaling,0.5972745719608983,51.04089087949677,12.176272760424942,0.03861710120957873,11,index_cued_first_diffusion_0.3_swap_ablation_7_1
index_cued_first_diffusion_0.3_swap_7_ablated_dir_12,index_cued_first_diffusion_0.3_swap_recovery_ablation_0_0,288,26,16,orthogonal_no_scaling,0.6791124385688453,29.55758957004282,9.69513415851595,0.17441025097301832,12,index_cued_first_diffusion_0.3_swap_recovery_ablation_0_0
index_cued_first_diffusion_0.3_swap_7_ablated_dir_12,index_cued_first_diffusion_0.3_swap_recovery_ablation_1_0,288,26,16,orthogonal_no_scaling,0.606717438761534,55.468240520306864,14.758325712103106,0.1885852370976413,12,index_cued_first_diffusion_0.3_swap_recovery_ablation_1_0
index_cued_first_diffusion_0.3_swap_7_ablated_dir_12,index_cued_first_diffusion_0.3_swap_recovery_ablation_4_0,288,26,16,orthogonal_no_scaling,0.6547251757307541,26.281457609758725,7.5624026865858145,0.15197738494385438,12,index_cued_first_diffusion_0.3_swap_recovery_ablation_4_0
index_cued_first_diffusion_0.3_swap_7_ablated_dir_12,index_cued_first_diffusion_0.3_swap_recovery_ablation_5_0,288,26,16,orthogonal_no_scaling,0.48019749112177534,27.417711938907654,6.137357271998258,0.10841900197562471,12,index_cued_first_diffusion_0.3_swap_recovery_ablation_5_0
index_cued_first_diffusion_0.3_swap_7_ablated_dir_12,index_cued_first_diffusion_0.3_swap_recovery_ablation_6_0,288,26,16,orthogonal_no_scaling,0.9292329981609506,140.09855705027692,28.32976091920126,0.36579608484376636,12,index_cued_first_diffusion_0.3_swap_recovery_ablation_6_0
index_cued_first_diffusion_0.3_swap_7_ablated_dir_12,index_cued_first_diffusion_0.3_swap_ablation_7_1,288,26,16,orthogonal_no_scaling,0.14798356993863154,26.320132736982988,5.943136863428718,0.05742588260009451,12,index_cued_first_diffusion_0.3_swap_ablation_7_1
index_cued_first_diffusion_0.3_swap_7_ablated_dir_13,index_cued_first_diffusion_0.3_swap_recovery_ablation_0_0,288,26,16,orthogonal_no_scaling,0.8099482266317845,37.565053477354134,14.27238328000689,0.15932622124553375,13,index_cued_first_diffusion_0.3_swap_recovery_ablation_0_0
index_cued_first_diffusion_0.3_swap_7_ablated_dir_13,index_cued_first_diffusion_0.3_swap_recovery_ablation_1_0,288,26,16,orthogonal_no_scaling,0.7278399188648447,50.990504142086806,16.434668136837537,0.16894204849005345,13,index_cued_first_diffusion_0.3_swap_recovery_ablation_1_0
index_cued_first_diffusion_0.3_swap_7_ablated_dir_13,index_cued_first_diffusion_0.3_swap_recovery_ablation_4_0,288,26,16,orthogonal_no_scaling,0.8034886390193916,37.72417178367845,12.961309423053073,0.13473782625876918,13,index_cued_first_diffusion_0.3_swap_recovery_ablation_4_0
index_cued_first_diffusion_0.3_swap_7_ablated_dir_13,index_cued_first_diffusion_0.3_swap_recovery_ablation_5_0,288,26,16,orthogonal_no_scaling,0.7019222288571046,39.25221002220746,10.836831919194374,0.08573435181151268,13,index_cued_first_diffusion_0.3_swap_recovery_ablation_5_0
index_cued_first_diffusion_0.3_swap_7_ablated_dir_13,index_cued_first_diffusion_0.3_swap_recovery_ablation_6_0,288,26,16,orthogonal_no_scaling,0.6557496252042581,139.73937506852414,34.1065784054458,0.3441694356920908,13,index_cued_first_diffusion_0.3_swap_recovery_ablation_6_0
index_cued_first_diffusion_0.3_swap_7_ablated_dir_13,index_cued_first_diffusion_0.3_swap_ablation_7_1,288,26,16,orthogonal_no_scaling,0.5095178685829588,31.154836225052538,8.272976371329449,0.028406247551063357,13,index_cued_first_diffusion_0.3_swap_ablation_7_1
