trial_idx,cue,color1_deg,color2_deg,same_color,sw_Healthy_vs_Student_0,sw_Healthy_vs_Student_1,sw_Student_0_vs_Student_1,teacher_vs_students_mean,teacher_vs_students_std
0,1,0.0,0.0,True,0.09258880504760676,0.7885551760280143,0.8411954131399271,0.44057199053781054,0.34798318549020374
1,1,0.0,30.0,False,0.11437346231295481,0.8296362347317958,0.729595942523072,0.47200484852237534,0.3576313862094205
2,1,0.0,60.0,False,0.31052616036411607,0.8502002621939343,0.549447822726316,0.5803632112790251,0.2698370509149091
3,1,0.0,90.0,False,0.41682725536004933,1.2039098598458338,0.8038571330138305,0.8103685576029416,0.39354130224289224
4,1,0.0,120.0,False,0.5039035818685441,0.9716445490755351,0.5009253416773664,0.7377740654720396,0.2338704836034955
5,1,0.0,150.0,False,0.5161527285582286,0.5597967697222614,0.3789354941299939,0.537974749140245,0.021822020582016433
6,1,0.0,180.0,False,0.6978722285717383,0.20587207002049124,0.5496615179223743,0.45187214929611474,0.2460000792756235
7,1,0.0,210.0,False,0.428928974961234,0.10383015479340435,0.4011278502186192,0.2663795648773192,0.16254941008391482
8,1,0.0,240.0,False,0.3337388184884317,0.34450241657203107,0.6044479947892003,0.33912061753023137,0.005381799041799695
9,1,0.0,270.0,False,0.20377999445272893,0.4655812205681596,0.6338337991412192,0.33468060751044426,0.13090061305771533
10,1,0.0,300.0,False,0.1885155050578426,0.4431951065233675,0.6172646193946695,0.31585530579060506,0.12733980073276246
11,1,0.0,330.0,False,0.1796435845978897,0.6009055571053707,0.7580614103823866,0.3902745708516302,0.21063098625374052
12,1,30.0,0.0,False,0.20370720016748217,0.5335252394941995,0.724832310889792,0.3686162198308408,0.16490901966335866
13,1,30.0,30.0,True,0.12455956565645088,0.5165588305475319,0.5282591825794688,0.3205591981019914,0.19599963244554053
14,1,30.0,60.0,False,0.192296550241898,0.5474185341849498,0.36794893530271616,0.36985754221342393,0.17756099197152586
15,1,30.0,90.0,False,0.22121077969058608,0.7207923122152555,0.5305557914335584,0.4710015459529208,0.24979076626233473
16,1,30.0,120.0,False,0.22096173265842634,0.5769125995421691,0.4084470647593693,0.3989371661002977,0.1779754334418714
17,1,30.0,150.0,False,0.3335127246809139,0.30808697927623807,0.14762466701218796,0.32079985197857597,0.012712872702337924
18,1,30.0,180.0,False,0.5949849483889383,0.8382200541138408,0.3000299780754169,0.7166025012513896,0.12161755286245124
19,1,30.0,210.0,False,0.5513763597240837,0.9655174272570684,0.46694452151196697,0.758446893490576,0.20707053376649232
20,1,30.0,240.0,False,0.34548938200483814,0.2936686840622519,0.3352599306735583,0.319579033033545,0.02591034897129313
21,1,30.0,270.0,False,0.34264676256456894,0.5064919579206135,0.8108556126921209,0.42456936024259123,0.08192259767802229
22,1,30.0,300.0,False,0.4364090448116159,0.35715266143676905,0.7818107229537858,0.3967808531241925,0.03962819168742343
23,1,30.0,330.0,False,0.28708219609443597,0.5634719407300608,0.8361960683733451,0.4252770684122484,0.1381948723178124
24,1,60.0,0.0,False,0.4840927426796485,0.37444450306318755,0.8501344225358891,0.42926862287141804,0.05482411980823049
25,1,60.0,30.0,False,0.10772956564109984,0.3423136995399526,0.44177599197622736,0.2250216325905262,0.11729206694942639
26,1,60.0,60.0,True,0.13455732641917134,0.2852474161519981,0.2530530399870877,0.20990237128558473,0.07534504486641339
27,1,60.0,90.0,False,0.13018384709077985,0.35223063214500455,0.4233849251937998,0.2412072396178922,0.11102339252711235
28,1,60.0,120.0,False,0.30073955430543675,0.5888420916505641,0.29350588756173523,0.44479082297800043,0.14405126867256368
29,1,60.0,150.0,False,0.5074046525780141,1.0382139040058727,0.5656369937973993,0.7728092782919433,0.26540462571392925
30,1,60.0,180.0,False,0.5880815669546349,1.929204689406932,1.4406945041835462,1.2586431281807835,0.6705615612261485
31,1,60.0,210.0,False,0.7246250086471442,1.850290454258841,1.2352935078443603,1.2874577314529927,0.5628327228058484
32,1,60.0,240.0,False,0.556494601318245,0.9229666291906983,0.4219034643654448,0.7397306152544716,0.18323601393622663
33,1,60.0,270.0,False,0.5346772640641473,0.32787494019445684,0.7892003392440612,0.43127610212930206,0.10340116193484522
34,1,60.0,300.0,False,0.4872114793606015,0.46412341812382674,0.9256822395767793,0.4756674487422141,0.01154403061838738
35,1,60.0,330.0,False,0.41284945960650415,0.45417187424666583,0.8583220110680045,0.433510666926585,0.020661207320080838
36,1,90.0,0.0,False,0.6675448891526167,0.5812002220662593,1.2430379172423909,0.6243725556094379,0.043172333543178676
37,1,90.0,30.0,False,0.5203449392868897,0.4577278914462989,0.9756471740361314,0.4890364153665943,0.03130852392029543
38,1,90.0,60.0,False,0.29116825939392865,0.2829439534392093,0.5634143610198841,0.287056106416569,0.004112152977359673
39,1,90.0,90.0,True,0.1674944082769923,0.20704716346361168,0.31561588627323844,0.187270785870302,0.01977637759330969
40,1,90.0,120.0,False,0.1450366468317073,0.37766104319564575,0.33329333321778953,0.2613488450136765,0.11631219818196922
41,1,90.0,150.0,False,0.3436835587664315,1.8198953555350474,1.5933701516958376,1.0817894571507394,0.738105898384308
42,1,90.0,180.0,False,0.44469024002399526,2.128767827469985,1.7919693298920532,1.28672903374699,0.8420387937229947
43,1,90.0,210.0,False,0.4465625520156983,1.5652658593261632,1.2055362809516699,1.0059142056709307,0.5593516536552325
44,1,90.0,240.0,False,0.5381156377261009,0.8137925908234833,0.3352383996599426,0.6759541142747921,0.1378384765486912
45,1,90.0,270.0,False,0.8256785211721256,0.18646217311796093,0.7218101626541953,0.5060703471450433,0.31960817402708236
46,1,90.0,300.0,False,0.5461345035028957,0.7982597030925056,1.336891291596697,0.6721971032977007,0.12606259979480494
47,1,90.0,330.0,False,0.4958744067807944,0.7950123457110703,1.2816680919050742,0.6454433762459324,0.14956896946513792
48,1,120.0,0.0,False,0.7407752390614477,0.5909817596231147,1.3269602229344555,0.6658784993422813,0.0748967397191665
49,1,120.0,30.0,False,0.8387214685091791,0.17303041966407234,1.0078751736516822,0.5058759440866257,0.3328455244225534
50,1,120.0,60.0,False,0.405827159075121,0.1866752869124088,0.5096110852454555,0.29625122299376494,0.1095759360813561
51,1,120.0,90.0,False,0.13360524708118077,0.16535520308506552,0.20215796580520884,0.14948022508312314,0.015874978001942375
52,1,120.0,120.0,True,0.08254497965492774,1.0747618909308696,1.0132207366897639,0.5786534352928987,0.49610845563797096
53,1,120.0,150.0,False,0.1722395796761403,1.663083843486507,1.52204486582572,0.9176617115813236,0.7454221319051834
54,1,120.0,180.0,False,0.40125497979635416,1.023345468243123,0.6836050461896925,0.7123002240197385,0.31104524422338437
55,1,120.0,210.0,False,0.6033359824046469,0.5425348766084614,0.42882328904749323,0.5729354295065542,0.030400552898092736
56,1,120.0,240.0,False,0.4814800684920608,0.29792581012198244,0.27409279885293003,0.3897029393070216,0.09177712918503919
57,1,120.0,270.0,False,0.5358126150981471,0.4761846137490285,0.9927949343331612,0.5059986144235878,0.029814000674559332
58,1,120.0,300.0,False,0.6808993480789456,0.929194624277077,1.5634607524445143,0.8050469861780113,0.1241476380990657
59,1,120.0,330.0,False,0.5829899294553704,0.8861596752584844,1.4623938516293924,0.7345748023569274,0.15158487290155698
60,1,150.0,0.0,False,0.8824165987155299,0.3419476028201792,1.2038950717532293,0.6121821007678545,0.27023449794767535
61,1,150.0,30.0,False,0.7861093541839798,0.07987766457382811,0.7491288500332103,0.4329935093789039,0.3531158448050758
62,1,150.0,60.0,False,0.5424319444188446,0.15473796707466156,0.623310252193268,0.3485849557467531,0.19384698867209152
63,1,150.0,90.0,False,0.3528650008458049,0.7056311683599895,0.9780312391613977,0.5292480846028972,0.1763830837570923
64,1,150.0,120.0,False,0.12981505472307903,1.5460290995203,1.6246965066940617,0.8379220771216895,0.7081070223986106
65,1,150.0,150.0,True,0.18075160484258299,1.0600825120290103,0.9212273633951462,0.6204170584357966,0.43966545359321363
66,1,150.0,180.0,False,0.22179566701584819,0.5651113288588528,0.3843740250386429,0.3934534979373505,0.17165783092150233
67,1,150.0,210.0,False,0.4087531759979677,0.3811704679847644,0.15263825322596392,0.39496182199136604,0.013791354006601642
68,1,150.0,240.0,False,0.5229487909128832,0.12641845520298056,0.5110405280884183,0.32468362305793186,0.1982651678549513
69,1,150.0,270.0,False,0.7764306275380296,0.40228880315932014,1.1327117644930405,0.5893597153486749,0.18707091218935473
70,1,150.0,300.0,False,0.8698818448999068,1.0092786545936798,1.8764732695218531,0.9395802497467933,0.0696984048468865
71,1,150.0,330.0,False,0.6817185703607147,0.951876566996327,1.6241216419842535,0.8167975686785208,0.13507899831780612
72,1,180.0,0.0,False,1.027369021457457,0.15965923740190352,0.9492874747195216,0.5935141294296802,0.4338548920277767
73,1,180.0,30.0,False,0.7418463807978837,0.12481477084139267,0.794343865249278,0.4333305758196382,0.3085158049782455
74,1,180.0,60.0,False,0.8164461403713574,0.3180385396417914,1.0756627329028337,0.5672423400065745,0.249203800364783
75,1,180.0,90.0,False,0.44824246123519124,1.3427708982329936,1.6910325095057896,0.8955066797340924,0.44726421849890113
76,1,180.0,120.0,False,0.402651771379435,1.0492525162224462,1.396817842249043,0.7259521438009406,0.3233003724215056
77,1,180.0,150.0,False,0.0963622146416635,0.45859161233983037,0.52856760204503,0.27747691349074693,0.18111469884908343
78,1,180.0,180.0,True,0.11723539901010689,0.27212318212093656,0.25544074664697203,0.19467929056552172,0.07744389155541484
79,1,180.0,210.0,False,0.1827945077131605,0.1827100306577395,0.10266950380539835,0.18275226918545,4.2238527710500295e-05
80,1,180.0,240.0,False,0.27816718440577226,0.20628477191482147,0.4753621185573125,0.24222597816029687,0.03594120624547539
81,1,180.0,270.0,False,0.5475154770689816,0.42368796032587197,0.9079215634148045,0.4856017186974268,0.06191375837155483
82,1,180.0,300.0,False,0.5257829374970016,0.6601015106870457,1.1441529689730885,0.5929422240920237,0.06715928659502207
83,1,180.0,330.0,False,0.773380933102437,0.29457723637841793,1.0313950280643633,0.5339790847404275,0.23940184836200956
84,1,210.0,0.0,False,0.6778355922620594,0.3465216053765646,1.0200506930548046,0.5121785988193119,0.16565699344274737
85,1,210.0,30.0,False,0.7605695046456046,0.72769248714655,1.475893439134811,0.7441309958960773,0.016438508749527292
86,1,210.0,60.0,False,0.6913578027351783,1.0854016556683974,1.6933462481973682,0.8883797292017879,0.19702192646660954
87,1,210.0,90.0,False,0.5222812700540859,1.129478142452625,1.5524994631541351,0.8258797062533554,0.3035984361992696
88,1,210.0,120.0,False,0.6330471918490955,0.5881077145832563,1.1340894603551053,0.6105774532161758,0.022469738632919622
89,1,210.0,150.0,False,0.2727832394503685,0.19575158663259168,0.4489866284850137,0.23426741304148008,0.0385158264088884
90,1,210.0,180.0,False,0.22217799005901584,0.15139155380343594,0.16843208622273187,0.1867847719312259,0.03539321812778995
91,1,210.0,210.0,True,0.27779803408928916,0.3093236155258135,0.393010719285949,0.2935608248075513,0.01576279071826217
92,1,210.0,240.0,False,0.18017628040239306,0.09674037486374953,0.24215011094728697,0.1384583276330713,0.04171795276932176
93,1,210.0,270.0,False,0.21587166104300978,0.27239586146973016,0.2765774826988182,0.24413376125636999,0.02826210021336019
94,1,210.0,300.0,False,0.47702113941765434,0.20131131417937237,0.45113385753982926,0.3391662267985134,0.13785491261914098
95,1,210.0,330.0,False,0.7389855508716474,0.17847661196673426,0.6038327537549333,0.45873108141919083,0.2802544694524566
96,1,240.0,0.0,False,0.8498024948847213,0.05990880595262797,0.8466993520811217,0.4548556504186746,0.39494684446604666
97,1,240.0,30.0,False,0.8724094323808556,0.5703449952099924,1.3785399251285892,0.721377213795424,0.1510322185854316
98,1,240.0,60.0,False,0.708487804838549,0.8355579006426725,1.4086090805751807,0.7720228527406108,0.06353504790206177
99,1,240.0,90.0,False,0.6330927350297225,0.7690083410575703,1.2696651519350197,0.7010505380436465,0.0679578030139239
100,1,240.0,120.0,False,0.630719934522937,0.1394041188153003,0.7236956899992242,0.3850620266691186,0.24565790785381833
101,1,240.0,150.0,False,0.37422348050211,0.15241371768013204,0.2500714713513322,0.26331859909112104,0.11090488141098899
102,1,240.0,180.0,False,0.2327587647089968,0.3159795451275136,0.14540386926960866,0.2743691549182552,0.041610390209258385
103,1,240.0,210.0,False,0.25731763858263973,0.23919885922037287,0.25776903116490996,0.2482582489015063,0.009059389681133428
104,1,240.0,240.0,True,0.24248391776555825,0.22233176930068416,0.19022809164963567,0.23240784353312122,0.010076074232437046
105,1,240.0,270.0,False,0.11955388640777131,0.2523258904002528,0.1828430129827177,0.18593988840401204,0.06638600199624073
106,1,240.0,300.0,False,0.3655337911438453,0.25189155554418935,0.19663970255805208,0.3087126733440173,0.056821117799827986
107,1,240.0,330.0,False,0.7446747211537605,0.19442744409535456,0.5707786243068533,0.4695510826245576,0.27512363852920296
108,1,270.0,0.0,False,0.6950520522631887,0.8155934986835198,0.3530764000037795,0.7553227754733542,0.06027072321016558
109,1,270.0,30.0,False,0.9347592430204461,0.5915117596937843,0.5588510187238582,0.7631355013571153,0.1716237416633309
110,1,270.0,60.0,False,0.8108775027771894,0.1643377279951183,0.6659294457481886,0.4876076153861538,0.32326988739103557
111,1,270.0,90.0,False,0.7250968714550652,0.2514829267216011,0.9391115262398204,0.48828989908833315,0.23680697236673204
112,1,270.0,120.0,False,0.6313602194172891,0.5755561275678628,0.1550432309235859,0.6034581734925759,0.02790204592471318
113,1,270.0,150.0,False,0.4908536611255863,0.5968148870698046,0.14608584980076147,0.5438342740976955,0.052980612972109126
114,1,270.0,180.0,False,0.3030532329960097,0.5359453332335973,0.24982975031012852,0.4194992831148035,0.11644605011879378
115,1,270.0,210.0,False,0.4001921545597248,0.31814688417628584,0.24477617688744435,0.35916951936800534,0.041022635191719475
116,1,270.0,240.0,False,0.26672049102257445,0.3066970084866404,0.23260935657388684,0.2867087497546074,0.01998825873203297
117,1,270.0,270.0,True,0.20125986031102922,0.38354654450141457,0.29272613355671795,0.29240320240622186,0.09114334209519268
118,1,270.0,300.0,False,0.267691640567701,0.3739905190637289,0.22108250489329517,0.32084107981571497,0.053149439248013935
119,1,270.0,330.0,False,0.47854912097712976,0.48115378409307513,0.28838011725129153,0.4798514525351024,0.0013023315579726857
120,1,300.0,0.0,False,0.4586433871169492,0.9490335935340068,0.6228885904489048,0.703838490325478,0.24519510320852883
121,1,300.0,30.0,False,0.5053310256813399,1.099050625442774,0.6547370065490881,0.802190825562057,0.2968597998807171
122,1,300.0,60.0,False,0.6047409051713177,0.8812258412834137,0.3216377873645504,0.7429833732273657,0.138242468056048
123,1,300.0,90.0,False,0.5521700715367337,0.8041598809963343,0.26718982967639904,0.678164976266534,0.1259949047298003
124,1,300.0,120.0,False,0.6040500696693126,1.3406518279617172,0.7427700262972194,0.9723509488155149,0.3683008791462023
125,1,300.0,150.0,False,0.5554226912437693,0.915852312785814,0.38085259514080627,0.7356375020147916,0.18021481077102236
126,1,300.0,180.0,False,0.604477374077029,0.6500001257621111,0.24831677624929244,0.62723874991957,0.022761375842541065
127,1,300.0,210.0,False,0.6197037005709194,0.39563198442663144,0.46113456722242985,0.5076678424987754,0.11203585807214397
128,1,300.0,240.0,False,0.2416534258040211,0.38001058053205256,0.5929123832083665,0.31083200316803683,0.06917857736401573
129,1,300.0,270.0,False,0.1650370714859258,0.44765347748177786,0.3231337692952254,0.30634527448385185,0.14130820299792604
130,1,300.0,300.0,True,0.2537849015552432,0.5097270434671516,0.2847057696624831,0.3817559725111974,0.1279710709559542
131,1,300.0,330.0,False,0.3333705074055586,0.791982478879286,0.5164514720933777,0.5626764931424223,0.22930598573686367
132,1,330.0,0.0,False,0.17426688479579988,0.7943364652151519,0.65722075594146,0.4843016750054759,0.310034790209676
133,1,330.0,30.0,False,0.2917173385307622,1.0185889134490125,0.7499796354331317,0.6551531259898873,0.3634357874591252
134,1,330.0,60.0,False,0.5240980251401188,1.1266170756159772,0.6075704684108431,0.825357550378048,0.3012595252379292
135,1,330.0,90.0,False,0.6805983695780319,1.5211888767874746,0.8530503106005092,1.1008936231827533,0.42029525360472136
136,1,330.0,120.0,False,0.8522224341063025,1.4390878480908742,0.5948101223441327,1.1456551410985885,0.29343270699228585
137,1,330.0,150.0,False,0.5136058834926467,0.43493372517569523,0.7829715656183809,0.474269804334171,0.03933607915847573
138,1,330.0,180.0,False,0.6296322593006405,0.2792872582873389,0.6634750913732064,0.4544597587939897,0.17517250050665079
139,1,330.0,210.0,False,0.5551220304929885,0.15897397181641462,0.6255810935875741,0.35704800115470153,0.1980740293382869
140,1,330.0,240.0,False,0.33416883629453986,0.24475116956335669,0.5188181166762749,0.28946000292894825,0.04470883336559158
141,1,330.0,270.0,False,0.11078147048260875,0.27639485646084083,0.36010664864597985,0.1935881634717248,0.08280669298911604
142,1,330.0,300.0,False,0.1339395664612375,0.4273322671967176,0.3698404530088826,0.28063591682897754,0.14669635036774004
143,1,330.0,330.0,True,0.15110156519159793,0.6382928799486285,0.5451029383474789,0.3946972225701132,0.24359565737851527
144,2,0.0,0.0,True,0.14526533648571321,0.9417890731379148,1.0718111768534453,0.543527204811814,0.3982618683261008
145,2,0.0,30.0,False,0.3202772476307937,0.470772548157653,0.784015106839804,0.39552489789422335,0.07524765026342967
146,2,0.0,60.0,False,0.41081936603783165,0.23955739798253253,0.6387169165752402,0.3251883820101821,0.08563098402764956
147,2,0.0,90.0,False,0.5994888349850862,0.4867437434001069,1.070814540305403,0.5431162891925966,0.05637254579248965
148,2,0.0,120.0,False,0.5398112482243999,0.7475330989800691,1.2517453556819156,0.6436721736022345,0.10386092537783465
149,2,0.0,150.0,False,1.0551180833055644,0.1916429957675898,1.1323181413573433,0.6233805395365771,0.4317375437689873
150,2,0.0,180.0,False,0.601287261439589,0.19299319728050374,0.5515114275330959,0.39714022936004634,0.20414703207954263
151,2,0.0,210.0,False,0.5061309840427932,0.2656595181710936,0.4387457429820354,0.38589525110694345,0.1202357329358498
152,2,0.0,240.0,False,0.8202356704683667,0.6156174332491651,0.44686276617066534,0.7179265518587659,0.10230911860960079
153,2,0.0,270.0,False,0.5422602568813725,1.0115667345941672,0.5371941234455183,0.7769134957377699,0.23465323885639738
154,2,0.0,300.0,False,0.518981500447375,1.3416743365482653,0.8611817537276152,0.9303279184978201,0.41134641805044514
155,2,0.0,330.0,False,0.17108067886924372,1.0900564980060587,0.9507998112223565,0.6305685884376513,0.4594879095684075
156,2,30.0,0.0,False,0.21010728375067336,0.9434455366830214,0.761451125960553,0.5767764102168474,0.36666912646617406
157,2,30.0,30.0,True,0.067139815235986,0.5286525565479678,0.5098667748364559,0.2978961858919769,0.23075637065599092
158,2,30.0,60.0,False,0.2738026492073061,0.2760014914696449,0.5402686892040538,0.2749020703384755,0.001099421131169398
159,2,30.0,90.0,False,0.5047555456558264,0.44098476920510765,0.943889472967806,0.472870157430467,0.03188538822535936
160,2,30.0,120.0,False,0.7902452271210674,0.15243879463512283,0.9391200668747083,0.47134201087809513,0.31890321624297224
161,2,30.0,150.0,False,0.7807114364263514,0.2598446019874865,1.036854115473432,0.520278019206919,0.2604334172194325
162,2,30.0,180.0,False,0.7051277922904713,0.4106688001818442,1.1028556231496713,0.5578982962361577,0.14722949605431354
163,2,30.0,210.0,False,0.6901006066987498,0.35782051483086763,0.9965353534120611,0.5239605607648088,0.1661400459339411
164,2,30.0,240.0,False,0.7193383024649913,0.22734013594142513,0.7888938584025649,0.4733392192032082,0.2459990832617831
165,2,30.0,270.0,False,0.8898846702932259,1.230546019899168,0.40731031716169086,1.0602153450961969,0.17033067480297104
166,2,30.0,300.0,False,0.5324312745151654,1.2724745698877953,0.7726665222105318,0.9024529222014803,0.37002164768631496
167,2,30.0,330.0,False,0.19608829131667266,1.1280258516342228,0.9635751516478269,0.6620570714754477,0.4659687801587751
168,2,60.0,0.0,False,0.2517760991182313,0.8861870483409242,0.6467811509835827,0.5689815737295778,0.31720547461134646
169,2,60.0,30.0,False,0.17573025493738684,0.6559618830706635,0.4960090781783605,0.41584606900402515,0.24011581406663834
170,2,60.0,60.0,True,0.11439628013249137,0.2553908826838953,0.24771192705657988,0.18489358140819334,0.07049730127570197
171,2,60.0,90.0,False,0.25854857655588664,0.255450781481415,0.47667802993598263,0.25699967901865084,0.0015488975372358327
172,2,60.0,120.0,False,0.4345963079801779,0.20193451343907032,0.6257747619588738,0.3182654107096241,0.11633089727055379
173,2,60.0,150.0,False,0.43604496708495144,0.5428732609391815,0.9522088803492821,0.4894591140120665,0.05341414692711505
174,2,60.0,180.0,False,0.5277502431307417,0.7710418170769832,1.2356606849478344,0.6493960301038624,0.12164578697312073
175,2,60.0,210.0,False,0.6480195433206901,0.7948819527226263,1.3599047359521723,0.7214507480216582,0.07343120470096809
176,2,60.0,240.0,False,0.7728334217404783,0.3097411416646042,1.0215661480018352,0.5412872817025413,0.23154614003793705
177,2,60.0,270.0,False,0.7376416610742611,1.003732106615125,0.36050266898702876,0.8706868838446931,0.13304522277043196
178,2,60.0,300.0,False,0.5637748815271187,1.2572905666370051,0.7146408227313086,0.910532724082062,0.3467578425549432
179,2,60.0,330.0,False,0.40460900927873494,0.9519310383110755,0.5789819093420467,0.6782700237949052,0.27366101451617025
180,2,90.0,0.0,False,0.31961961282713786,1.3362848861257755,1.0363325961332708,0.8279522494764566,0.5083326366493188
181,2,90.0,30.0,False,0.227960201491283,0.7485730399556196,0.535708316745075,0.4882666207234513,0.26030641923216835
182,2,90.0,60.0,False,0.09637229622973324,0.33500436781723986,0.39358457831018695,0.21568833202348656,0.1193160357937533
183,2,90.0,90.0,True,0.12837867329218458,0.25633855755477436,0.22691094387625757,0.19235861542347948,0.06397994213129489
184,2,90.0,120.0,False,0.11973934455292681,0.40567184973785486,0.495283835760596,0.2627055971453908,0.14296625259246404
185,2,90.0,150.0,False,0.33373798814734523,1.037760684956499,1.3236841386768323,0.6857493365519222,0.35201134840457693
186,2,90.0,180.0,False,0.5065869573611506,1.4829303492110695,1.907115298793773,0.99475865328611,0.48817169592495946
187,2,90.0,210.0,False,0.5179229016251452,0.9710490666239697,1.38348352549031,0.7444859841245575,0.22656308249941226
188,2,90.0,240.0,False,0.41843060935099446,0.47745806972531263,0.7657658747618106,0.44794433953815355,0.029513730187159082
189,2,90.0,270.0,False,0.7042410616211474,0.5955658268397561,0.18786289341641507,0.6499034442304518,0.05433761739069565
190,2,90.0,300.0,False,0.38174083429260675,0.9135280078035235,0.5403214793045272,0.6476344210480651,0.2658935867554584
191,2,90.0,330.0,False,0.6148692401918969,1.5204475189980526,0.9232215411281739,1.0676583795949748,0.45278913940307786
192,2,120.0,0.0,False,0.3608333902416393,0.8374687478040856,0.4966791406571571,0.5991510690228625,0.23831767878122317
193,2,120.0,30.0,False,0.18107086802088607,0.19196344559228767,0.11202568312628546,0.18651715680658687,0.0054462887857008035
194,2,120.0,60.0,False,0.20064864318450526,0.35917606115303546,0.17583921373936945,0.27991235216877036,0.0792637089842651
195,2,120.0,90.0,False,0.15763063604180905,0.322953364524185,0.2172929597693756,0.24029200028299702,0.08266136424118797
196,2,120.0,120.0,True,0.10398642795122631,1.1652264419193936,1.1117589168951527,0.63460643493531,0.5306200069840836
197,2,120.0,150.0,False,0.07850678600507144,1.7178505410220617,1.7463106819165413,0.8981786635135666,0.8196718775084951
198,2,120.0,180.0,False,0.33041327229209927,1.1583557347518982,1.437069716112843,0.7443845035219987,0.4139712312298995
199,2,120.0,210.0,False,0.5126439946379171,0.6375172407073921,1.066672522928494,0.5750806176726546,0.062436623034737515
200,2,120.0,240.0,False,0.5773610700023593,0.2927605597148003,0.7793259378749333,0.4350608148585798,0.14230025514377947
201,2,120.0,270.0,False,0.6416385027079458,0.8247978011994364,0.22684522211967845,0.7332181519536911,0.0915796492457453
202,2,120.0,300.0,False,0.7818682848759351,1.9556097415265485,1.1889743178146575,1.3687390132012418,0.5868707283253067
203,2,120.0,330.0,False,0.6506813066535828,1.5858870264490492,0.9419884275683273,1.118284166551316,0.4676028598977332
204,2,150.0,0.0,False,0.45669462400843197,0.3802952108266392,0.43262296255658456,0.4184949174175356,0.03819970659089639
205,2,150.0,30.0,False,0.34154972900168845,0.14714068317719925,0.4405492368243617,0.24434520608944385,0.0972045229122446
206,2,150.0,60.0,False,0.47744058006994583,0.7006358746117668,0.25963217111299103,0.5890382273408563,0.11159764727091048
207,2,150.0,90.0,False,0.41660150613742986,1.4704327438293265,1.1314934507797845,0.9435171249833783,0.5269156188459483
208,2,150.0,120.0,False,0.19306498086594615,1.824840972169138,1.6967782999220298,1.0089529765175422,0.815887995651596
209,2,150.0,150.0,True,0.13910875640563575,1.2549077942407778,1.1696598894032024,0.6970082753232067,0.5578995189175711
210,2,150.0,180.0,False,0.1859399552434251,0.556202245485512,0.7088144043596615,0.37107110036446855,0.18513114512104345
211,2,150.0,210.0,False,0.330740202363088,0.23749771601424596,0.5411735841394796,0.284118959188667,0.04662124317442101
212,2,150.0,240.0,False,0.30479825671462674,0.14183903782133103,0.37328137760300995,0.2233186472679789,0.08147960944664785
213,2,150.0,270.0,False,0.3627124667296617,0.8943029844078045,0.5429238351847198,0.6285077255687331,0.26579525883907146
214,2,150.0,300.0,False,0.5687330999491491,1.6278575916288471,1.0719778495535732,1.0982953457889981,0.529562245839849
215,2,150.0,330.0,False,0.45964259412024167,1.132852305949794,0.6937698336457001,0.7962474500350178,0.3366048559147761
216,2,180.0,0.0,False,0.4279417178273451,0.11744063061318398,0.3885646636731405,0.2726911742202645,0.15525054360708054
217,2,180.0,30.0,False,0.3589618309905543,0.23884092969912302,0.3320546420229028,0.29890138034483865,0.060060450645715635
218,2,180.0,60.0,False,0.5246912897622109,1.6704357470198956,1.2013350144748305,1.0975635183910533,0.5728722286288424
219,2,180.0,90.0,False,0.4377187326022866,2.034583396256071,1.7184083349207095,1.2361510644291789,0.7984323318268922
220,2,180.0,120.0,False,0.34840810793911203,1.3363066330002615,1.0556624583626397,0.8423573704696867,0.49394926253057475
221,2,180.0,150.0,False,0.10614532168797323,0.6096941915764162,0.5612790009435565,0.3579197566321947,0.25177443494422147
222,2,180.0,180.0,True,0.2397228869788921,0.2725448896761097,0.4227609402270965,0.2561338883275009,0.01641100134860879
223,2,180.0,210.0,False,0.2891288823651371,0.12484407647333555,0.210203425938206,0.20698647941923634,0.08214240294590079
224,2,180.0,240.0,False,0.30342035357155783,0.37356325524888156,0.20327672958670095,0.3384918044102197,0.035071450838661866
225,2,180.0,270.0,False,0.24852938169408129,0.8160687003487954,0.5855882770732083,0.5322990410214383,0.28376965932735704
226,2,180.0,300.0,False,0.46645358380499624,1.0717207888476725,0.6520584611367379,0.7690871863263344,0.30263360252133814
227,2,180.0,330.0,False,0.3036746260866011,0.3098155830241119,0.47930990465805473,0.30674510455535653,0.003070478468755383
228,2,210.0,0.0,False,0.4838477560234229,0.05185680255941266,0.44358466847861977,0.26785227929141775,0.21599547673200511
229,2,210.0,30.0,False,0.36338655838585443,1.3805731424491134,1.055666869250608,0.8719798504174839,0.5085932920316295
230,2,210.0,60.0,False,0.29737335676983506,2.128577459425933,1.8766178318097024,1.2129754080978838,0.9156020513280488
231,2,210.0,90.0,False,0.4212904930787186,1.800194195812044,1.4638233112444916,1.1107423444453812,0.6894518513666628
232,2,210.0,120.0,False,0.42876585613936924,0.9334779421630826,0.5481743841932801,0.6811218991512259,0.25235604301185666
233,2,210.0,150.0,False,0.33151003234738835,0.25993008342005475,0.1597084516450787,0.2957200578837216,0.0357899744636668
234,2,210.0,180.0,False,0.15465240616530979,0.2559225638052431,0.1461798030285913,0.20528748498527644,0.05063507881996665
235,2,210.0,210.0,True,0.2854781590707825,0.23955853234536778,0.27173170753873566,0.26251834570807514,0.02295981336270736
236,2,210.0,240.0,False,0.33199163302062307,0.2983424146542755,0.2952752754036379,0.3151670238374493,0.016824609183173772
237,2,210.0,270.0,False,0.4619304101726843,0.47293339341406904,0.293990061461447,0.4674319017933767,0.005501491620692356
238,2,210.0,300.0,False,0.5107547306771234,0.3268833444864694,0.7486263416238865,0.4188190375817964,0.09193569309532701
239,2,210.0,330.0,False,0.4098700210254441,0.3608532065707498,0.7236659983864971,0.38536161379809697,0.02450840722734715
240,2,240.0,0.0,False,0.32174459462321114,0.055158545034183826,0.29629753669882597,0.18845156982869748,0.13329302479451366
241,2,240.0,30.0,False,0.635959416524416,1.3308236967475815,0.7204039397829227,0.9833915566359988,0.34743214011158274
242,2,240.0,60.0,False,0.5720652970048918,1.7732762520830645,1.2576096211081942,1.1726707745439782,0.6006054775390863
243,2,240.0,90.0,False,0.6249005781998709,1.4325274488375697,0.8615369260173106,1.0287140135187203,0.4038134353188494
244,2,240.0,120.0,False,0.4992144629910825,0.39890965789079347,0.21989427840369646,0.449062060440938,0.050152402550144526
245,2,240.0,150.0,False,0.5986878519546707,0.11477230749127754,0.702849827373072,0.3567300797229741,0.24195777223169657
246,2,240.0,180.0,False,0.33903704365747017,0.19030808646505798,0.5128476501744046,0.2646725650612641,0.0743644785962061
247,2,240.0,210.0,False,0.14811956793822023,0.20939102671020807,0.3022611837203612,0.17875529732421414,0.030635729385993918
248,2,240.0,240.0,True,0.32664400204185684,0.28560101485647316,0.23730906192873613,0.306122508449165,0.020521493592691842
249,2,240.0,270.0,False,0.23498531131339617,0.3312630310172735,0.41358656754997924,0.28312417116533484,0.048138859851938665
250,2,240.0,300.0,False,0.201932374140667,0.43215943401950463,0.5925926907568275,0.3170459040800858,0.11511352993941881
251,2,240.0,330.0,False,0.2567408008224677,0.28831329517653936,0.5027267443875805,0.27252704799950356,0.015786247177035834
252,2,270.0,0.0,False,0.28135624324191005,0.4631361166000062,0.7207735142546741,0.3722461799209581,0.09088993667904807
253,2,270.0,30.0,False,0.27607500954007996,0.12478256489355649,0.33056172877539425,0.20042878721681823,0.07564622232326174
254,2,270.0,60.0,False,0.5437548112103728,0.40385295492892026,0.21983952298292636,0.47380388306964655,0.06995092814072629
255,2,270.0,90.0,False,0.6058904700932909,0.5477751966280271,0.12318451540961729,0.5768328333606589,0.029057636732631897
256,2,270.0,120.0,False,0.6232240279286438,0.1401634740013466,0.539966186371064,0.38169375096499525,0.24153027696364862
257,2,270.0,150.0,False,0.6894553883535375,0.33912473868704984,0.9898691010936926,0.5142900635202936,0.17516532483324382
258,2,270.0,180.0,False,0.4266573098772166,0.47901561988114566,0.8837752118758229,0.45283646487918117,0.02617915500196452
259,2,270.0,210.0,False,0.24449466805787406,0.3375581270551936,0.5601759104908075,0.2910263975565338,0.046531729498659774
260,2,270.0,240.0,False,0.18124767254309715,0.3637487178404242,0.19520308809773246,0.27249819519176066,0.09125052264866351
261,2,270.0,270.0,True,0.1843607253285215,0.5695157177718907,0.5216771227573214,0.37693822155020607,0.1925774962216846
262,2,270.0,300.0,False,0.17252911166376828,0.39297768292659196,0.3980747080073445,0.2827533972951801,0.11022428563141184
263,2,270.0,330.0,False,0.1512620131336717,0.2856471251246132,0.4140768205795376,0.21845456912914246,0.06719255599547075
264,2,300.0,0.0,False,0.2768522673476705,0.6062635568419712,0.871964070187075,0.44155791209482087,0.16470564474715035
265,2,300.0,30.0,False,0.44806486632250675,0.5935594319432116,1.0135656155778214,0.5208121491328592,0.07274728281035242
266,2,300.0,60.0,False,0.7509115840202694,0.26359607223694764,1.0076741545690195,0.5072538281286085,0.24365775589166086
267,2,300.0,90.0,False,0.7228495825301978,0.45314834549946714,1.1703778718340079,0.5879989640148324,0.13485061851536534
268,2,300.0,120.0,False,0.596556350599468,0.5925718134489263,1.1755763657298437,0.5945640820241971,0.0019922685752708502
269,2,300.0,150.0,False,0.7117012659490063,0.7229612832121259,1.3922172590683588,0.7173312745805661,0.005630008631559824
270,2,300.0,180.0,False,0.4998699575756241,0.5237011025135662,0.9764497927782042,0.5117855300445951,0.011915572468971042
271,2,300.0,210.0,False,0.25083899109861857,0.29065136708850103,0.5001315416568759,0.2707451790935598,0.019906187994941232
272,2,300.0,240.0,False,0.3942105253276106,0.6242771696555952,0.33975108775279717,0.5092438474916029,0.11503332216399231
273,2,300.0,270.0,False,0.3139589542288719,0.6317715366790789,0.3666329011094762,0.4728652454539754,0.15890629122510352
274,2,300.0,300.0,True,0.22776563148255222,0.49352636855042553,0.3004656468577117,0.3606460000164889,0.13288036853393667
275,2,300.0,330.0,False,0.14076944266119673,0.41088374591144583,0.4042507231029658,0.2758265942863213,0.13505715162512455
276,2,330.0,0.0,False,0.08972604405925164,0.7488915769514148,0.8057773711945253,0.41930881050533325,0.32958276644608164
277,2,330.0,30.0,False,0.4370578627137059,0.4878482762647603,0.9071208730611808,0.4624530694892331,0.0253952067755272
278,2,330.0,60.0,False,0.5072715191935677,0.4374706427329972,0.9359762139007837,0.47237108096328245,0.03490043823028527
279,2,330.0,90.0,False,0.5911480162772399,0.6984826993892006,1.2876598102992896,0.6448153578332203,0.05366734155598035
280,2,330.0,120.0,False,0.6900485378131074,0.673578275769787,1.3266271757993326,0.6818134067914472,0.00823513102166018
281,2,330.0,150.0,False,0.851158802113541,0.429334726151395,1.2247397511642202,0.6402467641324681,0.210912037981073
282,2,330.0,180.0,False,0.6669054556270209,0.27182898451602466,0.7477374981974139,0.46936722007152276,0.1975382355554981
283,2,330.0,210.0,False,0.6350140050138523,0.2794441758994519,0.5354969556274054,0.4572290904566521,0.1777849145572002
284,2,330.0,240.0,False,0.5042094074525088,0.5240244445132931,0.21108169985546826,0.5141169259829009,0.009907518530392179
285,2,330.0,270.0,False,0.47563873850447336,0.7770391168060771,0.38425780944765775,0.6263389276552752,0.15070018915080186
286,2,330.0,300.0,False,0.35595574892113513,0.789693241669495,0.4732647557204022,0.572824495295315,0.2168687463741799
287,2,330.0,330.0,True,0.18857457279337453,0.7757979574836678,0.6432153476644873,0.48218626513852114,0.2936116923451466
