trial_idx,cue,color1_deg,color2_deg,same_color,sw_Healthy_vs_Ablated_1,sw_Healthy_vs_Student_0,sw_Healthy_vs_Student_1,sw_Ablated_1_vs_Student_0,sw_Ablated_1_vs_Student_1,sw_Student_0_vs_Student_1,teacher_vs_students_mean,teacher_vs_students_std
0,1,0.0,0.0,True,1.3603727724605552,0.7937392207884039,1.295903353817562,0.6575091105658392,0.14492133684674097,0.6355573647156751,1.1500051156888402,0.2532891856974922
1,1,0.0,30.0,False,1.3148675253224331,0.7954582825186055,1.2280433494636598,0.6007989224241288,0.0941676591027307,0.5175840790782417,1.112789719101566,0.22716959870141512
2,1,0.0,60.0,False,1.101310735944209,0.7525876518720016,1.1124323858619474,0.4316887670099371,0.07789286287143052,0.41359691909883,0.988776924559386,0.16707274298673994
3,1,0.0,90.0,False,1.2532389703274678,1.1195548148830503,1.2723513007422,0.49171047785959204,0.03788593535812634,0.49728578783807953,1.2150483619842394,0.0679734430835344
4,1,0.0,120.0,False,1.4058392989316166,0.9824963505263564,1.3989187894924546,0.9347377496952047,0.0412941577637902,0.9395641941602355,1.2624181463168094,0.197954762814872
5,1,0.0,150.0,False,1.3217333256030102,0.47976898312519334,1.3009360713334555,1.1635139424331464,0.06700763461520577,1.1506975639622574,1.0341461266872196,0.39209577437515764
6,1,0.0,180.0,False,1.2345763407980064,0.2778584955834299,1.2602053237407405,1.2595892850869788,0.061134520019826694,1.2896620579615146,0.9242133867073923,0.45716167464882096
7,1,0.0,210.0,False,1.2874254917415193,0.11138952293407889,1.3213149690148613,1.3406869980204332,0.06716459161464657,1.3727898441415642,0.9067099945634866,0.562546657983189
8,1,0.0,240.0,False,1.1822150060240963,0.2913770488051285,1.1528668747673834,1.1420638454729204,0.06096824296346679,1.1132631473545054,0.875486309865536,0.4132013632152947
9,1,0.0,270.0,False,1.4652809487104936,0.4969062923484521,1.411596027050125,1.106789502116571,0.07157910881316655,1.0480576131256336,1.1245944227030236,0.4443833251030264
10,1,0.0,300.0,False,1.455756118346006,0.560964358842032,1.4460011997093427,1.0187860768796952,0.0636046585110733,1.0181902653912103,1.1542405589657936,0.4195285265107083
11,1,0.0,330.0,False,1.3983381174447147,0.6195590698349089,1.4181708850566563,0.8861672231462975,0.04492638688079754,0.9083302773525319,1.1453560241120933,0.3718827436286515
12,1,30.0,0.0,False,1.1213568450000557,0.541656532410597,1.0493612763852935,0.6981168123907244,0.12939897039863785,0.599868074919442,0.9041248845986488,0.25798361734611736
13,1,30.0,30.0,True,1.0134224065144233,0.5321914752326644,0.8929924324588898,0.5578377119772683,0.138837389117919,0.4322404263126758,0.8128687714019925,0.2044678509390456
14,1,30.0,60.0,False,0.8272393863078218,0.5563075981928194,0.7535001720003306,0.3941696726964319,0.14741645733312086,0.28376733271925336,0.7123490521669905,0.11437094459244321
15,1,30.0,90.0,False,0.7349784644125751,0.6587746133885102,0.7491266517269946,0.42001885451178844,0.03575431509569066,0.4242470637858955,0.7142932431760266,0.03968023430024453
16,1,30.0,120.0,False,0.9581295638248613,0.5854466893125849,0.9849968034759775,0.8779017145791865,0.08621205511632701,0.89359482775126,0.8428576855378079,0.18234724725984383
17,1,30.0,150.0,False,1.0913425895874092,0.3765499436015195,1.1224414520075963,1.1856982859412133,0.07001105437804675,1.22471855680788,0.8634446617321748,0.34452056998927777
18,1,30.0,180.0,False,0.9702813400002179,0.9825898129520085,0.9515745380444727,1.5403881396982833,0.1617694920004083,1.507336158881094,0.9681485636655663,0.012751427908741389
19,1,30.0,210.0,False,0.8689930129768115,0.9072958543140963,0.8003520536241887,1.2350687900270072,0.1827667394784333,1.3396907373684483,0.8588803069716988,0.04424133997036447
20,1,30.0,240.0,False,0.6966647268714589,0.5185665608702602,0.7279644854743318,1.0799017299874865,0.08428005271819358,1.1199208172377033,0.6477319244053503,0.0922232330634514
21,1,30.0,270.0,False,1.073530144813307,0.4683432590732987,1.0598360874807682,0.874551332309724,0.05305591829409341,0.8593255268257207,0.867236497122458,0.2821155121843582
22,1,30.0,300.0,False,1.1311726807307225,0.4571306536147082,1.15560760662267,0.794179403264148,0.058885113317708085,0.8151222662904359,0.9146369803227001,0.32365959034579955
23,1,30.0,330.0,False,1.031243583126039,0.4681919427891087,1.0053332042480645,0.733164697226678,0.1579380785401971,0.6306367577261077,0.834922910054404,0.2595336056556124
24,1,60.0,0.0,False,0.4975197220950529,0.386787324905434,0.5027551591364062,0.37515743712654515,0.1110833370011565,0.30349831124639143,0.4623540687122977,0.05347648721592588
25,1,60.0,30.0,False,0.64771267461721,0.3144472265079395,0.45233675443925475,0.5694430968694227,0.30842084489352944,0.2861626658666151,0.47149888518813476,0.13672808823109733
26,1,60.0,60.0,True,0.46887141101205543,0.2545744405399462,0.3843284732014364,0.38006887538734974,0.15206011146463383,0.32964284569284663,0.3692581082511461,0.08813298592915224
27,1,60.0,90.0,False,0.42883658744788783,0.3225326913833639,0.4311335512527851,0.5176365557949311,0.09679439562001996,0.5597011122683672,0.39416761002801226,0.05066221595100433
28,1,60.0,120.0,False,0.7288132013556567,0.4751860056354491,0.7363676293882413,0.854184654560932,0.05407293069554486,0.8586437865358376,0.6467889454597824,0.12138078942729552
29,1,60.0,150.0,False,1.0129162916102914,1.0724557552176723,1.244088902122166,1.225308066879419,0.2501448060593294,1.2122561271869463,1.10982031631671,0.09800434270075824
30,1,60.0,180.0,False,2.0961738254163285,1.9398744012978628,2.188672190223542,1.1008868043651217,0.11044102728273437,1.0922570577979696,2.0749068056459112,0.10267846103577653
31,1,60.0,210.0,False,2.0245877815755313,1.7547490958239527,1.8828534971702644,0.7465145630118981,0.1532849012700872,0.8165422994013025,1.8873967915232495,0.11020801611715367
32,1,60.0,240.0,False,0.8746136080668879,0.9589730520428221,0.8382603270575804,0.836514533941601,0.06662730375642761,0.8341976958426212,0.8906156623890968,0.05056309457986689
33,1,60.0,270.0,False,0.5206749234660626,0.3384891620683922,0.5106553804098751,0.6055595651054777,0.04623722558370016,0.6332996975258831,0.45660648864811,0.08362166760482787
34,1,60.0,300.0,False,0.596296199459613,0.4243845862117368,0.5979359747482924,0.60499016175447,0.1286470742115888,0.5014664417541254,0.5395389201398807,0.08142916219052075
35,1,60.0,330.0,False,0.5794885211010224,0.3456560119947033,0.5854745806337537,0.44144850549063047,0.14156006092804424,0.37298632688376626,0.5035397045764931,0.11166737367326886
36,1,90.0,0.0,False,0.7194303343640619,0.6003928233524717,0.7495181822503325,0.5898251992389908,0.05977478570174552,0.5930151363765341,0.689780446655622,0.06438907799436315
37,1,90.0,30.0,False,0.6695309397043132,0.5186165994632939,0.677624337208482,0.6174223502777465,0.09269130216654967,0.610496338916072,0.6219239587920297,0.0731240208567952
38,1,90.0,60.0,False,0.4179542935621604,0.25905385887879534,0.46273660253773075,0.537043398135373,0.09518319673377769,0.6062830657507577,0.37991491832622887,0.08739531096255641
39,1,90.0,90.0,True,0.5783530024055785,0.23861354840898794,0.6248584121329345,0.6275814489531317,0.398031659460932,0.7971958430523398,0.4806083209825003,0.17216618086054106
40,1,90.0,120.0,False,0.9102339162066184,0.3717196493301461,0.7395459067137948,0.6459886481335118,0.4818506557500886,0.6513234580050518,0.6738331574168531,0.22470429156634303
41,1,90.0,150.0,False,1.3146288953355767,1.7852984404535321,1.3862486019530826,1.2938524351152627,0.12806567476164876,1.2105083293859287,1.4953919792473969,0.207069493617952
42,1,90.0,180.0,False,1.8924569763533179,2.197077105619099,1.8845067603641454,1.270245074838908,0.05173022508477112,1.2263339705153173,1.9913469474455205,0.14550939252653705
43,1,90.0,210.0,False,1.3753158886532129,1.527605879568612,1.2766852639121764,1.0985910491637514,0.14528698119427685,1.1682375889587657,1.393202344044667,0.10321573783489943
44,1,90.0,240.0,False,0.6658290429763432,0.7897743824805866,0.6211835518251893,1.2673803930568583,0.08192196936594176,1.2157622493494613,0.6922623257607063,0.0713197302029754
45,1,90.0,270.0,False,0.7196555601840691,0.08335791722202959,0.7102303827605805,0.6953442850588103,0.1076135841128025,0.684887935767645,0.5044146200555597,0.29775691287038025
46,1,90.0,300.0,False,1.0033545554365018,0.8068797469496208,0.9952371689926285,0.5335523756474514,0.09021028942804048,0.5408226660494801,0.9351571571262504,0.09076634274108157
47,1,90.0,330.0,False,0.8445782818222871,0.6727413178916765,0.8537824294677769,0.6687819013836196,0.02093468582062659,0.6732577482262037,0.7903673430605801,0.08325899523473593
48,1,120.0,0.0,False,1.1986562126549076,0.636309725155163,1.2143850023816698,1.2288919099986688,0.1484347030799336,1.2369255083215296,1.016450313397247,0.2688766741194995
49,1,120.0,30.0,False,1.1461594236928798,0.0965108075645163,1.1604839111632925,1.1578152862676188,0.08288456716924825,1.1724122099156968,0.8010513808068961,0.49821973883274195
50,1,120.0,60.0,False,1.0032840505761202,0.13552088472132562,0.9777290377599882,1.0321710934545603,0.17510576677755607,1.0000247993553395,0.7055113243524781,0.40317910877027835
51,1,120.0,90.0,False,0.9358071835300028,0.1886281517691572,0.9183402047863737,0.8306650444797903,0.2826936162916724,0.7878768412031434,0.6809251800285113,0.3481795962443817
52,1,120.0,120.0,True,0.6643969067526525,1.1459465399340878,0.8403153608261856,0.769584926684,0.47189252217050415,0.9259142117998606,0.8835529358376419,0.19895498355816946
53,1,120.0,150.0,False,0.7037467281576055,1.7556017134565085,0.8014412866327192,1.31907610953591,0.22245739082236107,1.380533620732517,1.086929909415611,0.4745015228836771
54,1,120.0,180.0,False,0.6227507688281355,0.9958400503424147,0.7195219704235085,0.922780699410892,0.12219170602208702,0.8711960950279909,0.7793709298646863,0.15808294543235646
55,1,120.0,210.0,False,0.5238000787242145,0.4327506848315771,0.5278624142107698,0.7362410040379572,0.1118986047176906,0.7027450477889225,0.49480439258885384,0.04390992770980508
56,1,120.0,240.0,False,0.6847518670690762,0.3717046450127579,0.6739076163052619,0.7163786408638856,0.09940137235920307,0.6917546056862023,0.5767880427956986,0.14508342307859537
57,1,120.0,270.0,False,0.8217299450038007,0.36839856828044615,0.8269156459005367,0.718296015686171,0.09804946887287572,0.6990945592610316,0.6723480530615945,0.21493516828335585
58,1,120.0,300.0,False,1.2875903069755728,0.9675392393397584,1.2972117321633077,1.3265597745873476,0.11958963677665145,1.3096120083112028,1.1841137594928794,0.15319167740737272
59,1,120.0,330.0,False,1.350977731191799,0.8716287725708836,1.3544594700978512,1.2788831228694773,0.05919148143111009,1.3066060461577145,1.192355324620178,0.2267923742376479
60,1,150.0,0.0,False,1.390794783259297,0.37776765089111963,1.430488174275999,1.4475022914586688,0.18989974042802082,1.4816481737878846,1.0663502028088052,0.4871709757547175
61,1,150.0,30.0,False,1.389236521226962,0.15787121497428958,1.3959196121654591,1.3514668821775602,0.10059189537109553,1.354421964573914,0.9810091161222368,0.5820527863552176
62,1,150.0,60.0,False,1.2880594741808145,0.14109502312269365,1.3186389713279139,1.3566321919657245,0.16718201624922227,1.3867934701506934,0.915931156210474,0.5480340933830429
63,1,150.0,90.0,False,1.3781215856680757,0.7301746405153473,1.370386966025553,1.080368041261091,0.1582062612287165,1.1061532912115402,1.1595610640696588,0.30363847103073693
64,1,150.0,120.0,False,0.8829475622621206,1.5617477945476381,0.8046980796461667,1.2994348705021461,0.25041179149772674,1.3269431092986939,1.0831311454853085,0.3399374138005956
65,1,150.0,150.0,True,0.6532132907876871,1.0438148906304552,0.5927987006875499,0.6815382837290991,0.2532339575669546,0.7946400800707053,0.763275627368564,0.1998986232200135
66,1,150.0,180.0,False,0.5481176379295871,0.5856791577619556,0.49843793654013924,0.43081184094552144,0.16892835388176985,0.45823640514533426,0.5440782440772273,0.035730427715411184
67,1,150.0,210.0,False,0.6545859862204558,0.40438232464312895,0.5768424905972094,0.5442675877948897,0.15323078320290878,0.48857804605295724,0.545270267153598,0.10455643463876457
68,1,150.0,240.0,False,0.7791685307598334,0.12895792989058638,0.7501233242869055,0.6924842627731405,0.09985870292099419,0.6703989995323851,0.5527499283124419,0.2999007051781819
69,1,150.0,270.0,False,0.9046598132233757,0.4967972500034492,0.9137806206578467,0.9555989141243185,0.10536172498350382,0.9833942530748494,0.7717458946282237,0.19445370514652008
70,1,150.0,300.0,False,1.2819270252585244,0.9130548782259036,1.2657884507299257,1.4670287425767743,0.18234707303886866,1.4746572287565407,1.1535901180714514,0.1702116615719384
71,1,150.0,330.0,False,1.315186652404256,0.892310846490275,1.3326414365519952,1.504345176155789,0.31374625023207686,1.5596906633723124,1.1800463118155087,0.20358444746895182
72,1,180.0,0.0,False,1.5544151595249964,0.23039129878377695,1.6275594551988697,1.6091756503393688,0.13454638377482178,1.6854972909259462,1.1374553045025477,0.6420858482842428
73,1,180.0,30.0,False,1.4124189513304963,0.2022463604553738,1.4550924124304219,1.541820037632321,0.10368958879368528,1.5833660810077086,1.023252574738764,0.5808004011646455
74,1,180.0,60.0,False,1.1450965502488706,0.44243643944577293,1.1926400841231342,1.330026516855398,0.14052097899010063,1.4039473647654719,0.9267243579392592,0.342992893903434
75,1,180.0,90.0,False,1.215113868579944,1.39039613934152,1.244309899770985,1.258654785732686,0.16551122988761252,1.149762975399702,1.2832733025641498,0.07667932654351457
76,1,180.0,120.0,False,0.7974951314701753,1.021420621520385,0.9347321474109873,1.1310192515748687,0.3282655798150462,1.3587764674967415,0.9178826334671825,0.09219033161043694
77,1,180.0,150.0,False,0.3283346722339331,0.4941358563474799,0.31691230987009417,0.5030464250761694,0.08299985330963028,0.5395619531560896,0.37979427948383576,0.08098606769167645
78,1,180.0,180.0,True,0.45514279303792876,0.29105270922691084,0.438027330425948,0.39658601615260536,0.06587224712838691,0.38567566794292907,0.3947409442302625,0.07365085346275467
79,1,180.0,210.0,False,0.43232865014053184,0.1778626091482205,0.44087532940700913,0.44038348180889886,0.1028311364368731,0.4355471159764062,0.35035552956525384,0.1220208100479006
80,1,180.0,240.0,False,0.5509815284318562,0.19060357789447402,0.559974949633677,0.5782445138040165,0.07059122845235363,0.5844616184478124,0.433853351986669,0.1720427463416312
81,1,180.0,270.0,False,1.1745969825140534,0.46379432980235724,1.129325098930623,1.338080222595182,0.0815887063137474,1.269524312436714,0.9225721370823446,0.324930960051796
82,1,180.0,300.0,False,1.139806062857752,0.6869822508391593,1.188760163947567,1.4163436897517023,0.11126178133634544,1.4897482954530024,1.0051828258814928,0.22588762762537734
83,1,180.0,330.0,False,1.3720127956129144,0.37136317671218455,1.3396881799908718,1.4336128146845972,0.0845373941230305,1.412106909314676,1.0276880507719903,0.46427935227690453
84,1,210.0,0.0,False,1.484181959506013,0.1223197364928435,1.63623325729364,1.5390608817500142,0.24072351463806332,1.6908855828351563,1.0809116510974988,0.6806632761989292
85,1,210.0,30.0,False,1.0833645712577997,0.6502542986315303,1.0601041701947933,1.1555624180268969,0.14777726091139062,1.2503530778032408,0.9312410133613745,0.19891440697848928
86,1,210.0,60.0,False,1.6460230513635459,1.1203797112561387,1.5327400897303902,0.8859430927713993,0.1189404663907697,0.9261465017408427,1.4330476174500248,0.22587485033656196
87,1,210.0,90.0,False,0.8087253686276792,1.1744953443162571,0.7407265260875587,1.265149394488105,0.09506561817470624,1.284788490017529,0.9079824130104983,0.19048677567675593
88,1,210.0,120.0,False,0.8397545606658324,0.6311157968618468,0.8749728286934583,1.2767166733279183,0.09296888791374727,1.3198808995881501,0.7819477287403792,0.10761903597528363
89,1,210.0,150.0,False,0.5350029260431091,0.1684719291448429,0.5238497478028056,0.6345331669674842,0.07398349670898939,0.6230314068999994,0.4091082009969192,0.17021645013406658
90,1,210.0,180.0,False,0.33399785438541585,0.12502166448773352,0.3282260448998496,0.38420546377350934,0.11793086209467746,0.3740030103767954,0.262415187924333,0.09718046325583131
91,1,210.0,210.0,True,0.4569034779668957,0.3147865607404359,0.470086783685146,0.5872966208115431,0.07822455510254409,0.5691704813146172,0.41392560746415913,0.07030819215606698
92,1,210.0,240.0,False,0.7689294243468274,0.09085594206816623,0.8004778987753685,0.785989062212934,0.0755058782557042,0.8145566416549834,0.5534210883967874,0.32733643499026716
93,1,210.0,270.0,False,1.234935591818977,0.28765888426601693,1.239837473981466,1.1200819145202368,0.04306133274371546,1.1257359437922165,0.9208106500221532,0.44771037957759313
94,1,210.0,300.0,False,1.2815149648359119,0.1955295944349666,1.2593792135787008,1.1824437087107595,0.06401039081296236,1.1657026545584668,0.9121412576165264,0.5068015421752459
95,1,210.0,330.0,False,1.4533817501811503,0.2796176270546584,1.4294446470283106,1.2780764567397622,0.06594269204742209,1.256935548690863,1.0541480080880399,0.5477628620638822
96,1,240.0,0.0,False,1.3687030712998356,0.1553260548987268,1.3973969588384698,1.2525109011936637,0.08921989556054721,1.2809534067107347,0.973808695012344,0.578873163379243
97,1,240.0,30.0,False,0.668561530872417,0.5134625046601538,0.723300258049518,0.983887540705443,0.11604183007592278,1.0449569713244002,0.6351080978606963,0.08887189215222917
98,1,240.0,60.0,False,1.086729827518925,0.6654711644694978,0.9194961891801854,0.8307968397718426,0.22047902298717104,0.827023083045855,0.8905657270562027,0.17319053867071396
99,1,240.0,90.0,False,0.8762844758070683,0.6206522882907453,0.7684703409490603,1.4034767336000638,0.34401490889192976,1.3043119695172174,0.7551357016822914,0.10478649174035196
100,1,240.0,120.0,False,1.1636446511053977,0.1624554772411466,1.2110284746248914,1.1829729797007984,0.10765448401708529,1.2237225256890902,0.8457095343238118,0.4835206900590523
101,1,240.0,150.0,False,1.0377077047397854,0.18394095669916005,1.0342344197473035,0.9254332647594303,0.045420070261059445,0.9261315120377098,0.7519610270620829,0.4016533465385997
102,1,240.0,180.0,False,0.6353685208900965,0.4172987358789271,0.6274304774360638,0.48270751052933303,0.04850161267297839,0.48803073610228265,0.5600325780683625,0.10098008190756735
103,1,240.0,210.0,False,0.6588117722784343,0.2900819121053285,0.7367474882035048,0.717485217674056,0.12065526316026434,0.8134612077812341,0.5618803908624225,0.1948064060294924
104,1,240.0,240.0,True,0.5747206462286556,0.22820260151699823,0.6950044772664603,0.5980389363648766,0.14615134648593792,0.6918653873023621,0.49930924167070473,0.19789080786106306
105,1,240.0,270.0,False,0.6442318831138214,0.2209317803266907,0.7407371661275288,0.6921445085330494,0.13302436863369704,0.7668111846986483,0.5353002765226803,0.22575647788828399
106,1,240.0,300.0,False,0.849704616990063,0.22844077785692146,0.8767249665868743,0.7472097041054997,0.08234706023144267,0.7890310901368335,0.6516234538112863,0.2994385944218571
107,1,240.0,330.0,False,1.1770708914522412,0.1096561058650273,1.1309085125349359,1.0836174814914918,0.08875027353031983,1.0378445663483449,0.8058785032840682,0.49266415965155813
108,1,270.0,0.0,False,2.1272504484083807,0.9699095319553314,2.1058490953975904,1.3364478919724987,0.06310960968312597,1.3237952986454147,1.734336358587101,0.5406020005101788
109,1,270.0,30.0,False,1.6459847192971409,0.5149960709065355,1.7502503670405387,1.2027934980298265,0.23204138221055637,1.3134856110697068,1.303743719081405,0.5593507967283013
110,1,270.0,60.0,False,1.1714417212162775,0.1737233163062088,1.1928708257124794,1.082651911466903,0.12152566361534889,1.1027667187126013,0.8460119544116553,0.4754603462779584
111,1,270.0,90.0,False,1.497027526105501,0.27451033987252405,1.462697149081721,1.71543331739823,0.18364164317604081,1.6860101864459565,1.0780783383532488,0.5683812041423063
112,1,270.0,120.0,False,1.4430250564281841,0.3016309800152832,1.4690586294256156,1.2285130228843433,0.12110227198405422,1.2402059630503461,1.071238221956361,0.5442982741517545
113,1,270.0,150.0,False,1.331805327242255,0.4481575665757567,1.3243957132562545,1.1000755902426262,0.07132245605915243,1.083067126677527,1.0347862023580887,0.41482011590144735
114,1,270.0,180.0,False,1.0555831273902467,0.5842862783520645,1.0059344698715482,1.0373937990251887,0.09509788971527164,1.011960554412708,0.8819346252046198,0.21144290180628997
115,1,270.0,210.0,False,0.5731692648647686,0.36009414869725076,0.6326597139210897,0.8248785674376422,0.09921466657425063,0.8278520266334701,0.521974375827703,0.11701476925039787
116,1,270.0,240.0,False,0.4226623413209153,0.29349704318117964,0.43988518128658394,0.6271537228937143,0.030977459911476764,0.6371964413443737,0.38534818859622627,0.06532805032889927
117,1,270.0,270.0,True,0.34235767559117936,0.3828900923165979,0.30162724669711855,0.6446568575760172,0.07745345305243731,0.618270818488646,0.34229167153496526,0.03317545063190964
118,1,270.0,300.0,False,0.32509482884574037,0.3691337143994734,0.31598189454808434,0.5068514739018949,0.09472508214644856,0.5266643062237888,0.33673681259776606,0.023208200097385855
119,1,270.0,330.0,False,1.3680101955568973,0.4244120176796631,1.2973135923308623,1.1262623819759032,0.14046919952499576,1.0563496436545208,1.0299119351891408,0.42912477983675346
120,1,300.0,0.0,False,1.9496497010884304,0.9936435506379901,1.9906352046374027,1.1771138503235865,0.1327253335917782,1.252724744051653,1.644642818787941,0.46062999484338074
121,1,300.0,30.0,False,1.8384760812606178,1.1440871741781662,1.9092893060128093,0.7513148462104509,0.2249248533368759,0.825778760181539,1.6306175204838642,0.34524142432719757
122,1,300.0,60.0,False,1.7459324698128889,0.835310197185428,1.784334891441294,0.9198130990433984,0.17294110277854452,0.9578881602259928,1.4551925194798703,0.4386032805900982
123,1,300.0,90.0,False,1.5983140097253399,0.6501791738884051,1.6732895275573878,1.030596247046323,0.10970232354680952,1.1025035266916798,1.307260903723711,0.4656340707974195
124,1,300.0,120.0,False,1.8438451137933607,1.276588677874857,1.8001810378556837,1.143640012772654,0.08414178377555008,1.1175321939440312,1.6402049431746335,0.25773271577972795
125,1,300.0,150.0,False,1.4699387682826572,1.0002422190315063,1.5129592067399562,1.378121428749293,0.09081947761279001,1.4320519752887697,1.32771339801804,0.23222219149109086
126,1,300.0,180.0,False,0.9551515946330266,0.8151497791239631,0.9817229539127843,1.2330909933095677,0.09721581679960273,1.249629011937143,0.9173414425565913,0.07307010943762235
127,1,300.0,210.0,False,0.6799592248306485,0.4048616814170909,0.6735235043343497,0.851737019000738,0.07099274278392081,0.8441300790487929,0.586114803527363,0.12819223931428803
128,1,300.0,240.0,False,0.5124954917152956,0.21230022948437174,0.5342931340721859,0.6568595743051215,0.0389021563041471,0.6810451011026064,0.4196962850906178,0.1469209021068855
129,1,300.0,270.0,False,0.2717469655460351,0.4076027651042139,0.2911324390112442,0.5463904393301087,0.04993837305303319,0.5721293065862392,0.32349405655383107,0.05999808489097805
130,1,300.0,300.0,True,0.24088024291621848,0.5035797650045835,0.11144683180196366,0.41503792976869736,0.1993843396313075,0.5128192724129238,0.28530227990758855,0.16314011841230133
131,1,300.0,330.0,False,1.0657842040950827,0.705603186812079,1.3491848210694997,0.6355997870962887,0.3342748266459894,0.8337938182629822,1.0401907373255537,0.2633636258665008
132,1,330.0,0.0,False,1.761969969584296,0.8336987189119784,1.768724529625111,1.130150261310525,0.054248416635295185,1.1314651199319548,1.4547977393737952,0.43919198606403514
133,1,330.0,30.0,False,1.572492635898133,0.934369152079799,1.5958443836498486,0.7308321489197545,0.12056480001137362,0.7363882965839106,1.3675687238759269,0.3064666678819807
134,1,330.0,60.0,False,1.6425443744922912,1.0028245902985855,1.6348744593838673,0.7076422939333494,0.08749670477096283,0.6977224725962163,1.4267478080582479,0.299775335672369
135,1,330.0,90.0,False,1.7341449645960094,1.5475346540971087,1.7386965379801642,0.638848824294239,0.02526818062812311,0.6443570112343047,1.673458718891094,0.08906114669427112
136,1,330.0,120.0,False,1.7128113671396767,1.4594367314168744,1.7296408270985144,1.2384133334440683,0.06178111579035318,1.2613737086657624,1.633962975218355,0.12359979776741
137,1,330.0,150.0,False,1.5200280804625423,0.4257906082845305,1.50129193336076,1.255887915678297,0.07205910119808212,1.2410143875177564,1.1490368740359442,0.5114695373754455
138,1,330.0,180.0,False,1.28802656578093,0.2583300757437738,1.285903224273512,1.1570230622419486,0.1131990579624873,1.1499648164684817,0.9440866219327386,0.4849038788774208
139,1,330.0,210.0,False,0.9347950740395843,0.14311593410168444,0.9573261218438375,0.9190768820180331,0.06845800576160764,0.9333104199865996,0.6784123766617021,0.37862349204440293
140,1,330.0,240.0,False,0.6450839586496604,0.26809559612335493,0.6162481208902718,0.5411398817738964,0.07981703326657216,0.5322197364445637,0.5098092252210957,0.171322279643798
141,1,330.0,270.0,False,0.4049565366537269,0.253936840514057,0.39414827607766223,0.3509666245581805,0.04145157210386948,0.333488512706512,0.3510138844151487,0.06878550701807705
142,1,330.0,300.0,False,0.7685128919267321,0.3925604952140034,0.6920936681256816,0.5694973500328688,0.1915046987191835,0.42774613820614715,0.6177223517554724,0.16224132369711805
143,1,330.0,330.0,True,1.3858662686761276,0.6694337591973059,1.397604918356454,0.9230038100435549,0.09041431774556338,0.9307837935289849,1.1509683154099626,0.3405300726752039
144,2,0.0,0.0,True,1.531563470763392,1.0036508001264524,1.4586737248083659,0.6076067204471477,0.07884588708943624,0.5382574986733037,1.3312959985660702,0.23358333389713318
145,2,0.0,30.0,False,0.9160753104987174,0.45684251686377536,0.8556195206991324,0.5782213385983028,0.13264120184340802,0.476167339327639,0.7428457826872084,0.20373532941265549
146,2,0.0,60.0,False,0.515325510066151,0.24550651574387158,0.4087957102943897,0.481169066577927,0.1988823473582816,0.2982684160044803,0.3898759120348041,0.11096258077661175
147,2,0.0,90.0,False,0.717638238370537,0.45916161189600235,0.7328406889086063,0.5014459898652941,0.035343509226118695,0.503866415978238,0.6365468463917152,0.1255837560844419
148,2,0.0,120.0,False,1.2119079402996826,0.6641162442318422,1.2280002694172722,1.100934648885973,0.10153358169927332,1.1189466512750013,1.0346748179829324,0.2621068270755759
149,2,0.0,150.0,False,1.4128225151124998,0.303319229691678,1.3909614422271095,1.3008394416966675,0.1311830166865492,1.2938374080976076,1.0357010623437624,0.5179490568424945
150,2,0.0,180.0,False,1.6438193255814477,0.21526591018704244,1.6933464616261495,1.5673393488450866,0.0852500223191241,1.615322703656606,1.1841438991315465,0.6853984983920218
151,2,0.0,210.0,False,1.9335810609980353,0.33947151094211414,1.9761842740379816,1.752000510716392,0.11835710662002141,1.7917025617619249,1.4164122819927103,0.7617107179253908
152,2,0.0,240.0,False,1.7651578892874422,0.5921342522938516,1.9378477689054974,1.4255178593222992,0.2082679480256175,1.5936423552747345,1.4317133034955971,0.5978434499896228
153,2,0.0,270.0,False,2.1396301033465113,1.126116704916262,2.1025519521888394,1.257992548852543,0.05332244352281095,1.2247556528810644,1.7894329201505375,0.4692795885666033
154,2,0.0,300.0,False,2.294531586371164,1.345834914986971,2.2621443879562886,1.180270095250652,0.0729785696494861,1.164153165170836,1.9675036297714747,0.43978496704764963
155,2,0.0,330.0,False,1.7403395705342053,1.0742450890406672,1.719394337385737,0.8178250982934361,0.08785739903546613,0.8128037533659804,1.511326332320203,0.30918137677637225
156,2,30.0,0.0,False,1.3645670157429965,0.9545431812581894,1.2671988571393802,0.509028730427981,0.13920687310699828,0.3956948614440361,1.1954363513801887,0.1749138438127652
157,2,30.0,30.0,True,1.0083597401131992,0.49095702318409906,0.7948689074185519,0.6669380116128893,0.3070551611226428,0.3823986747487182,0.7647285569052834,0.21230123789590524
158,2,30.0,60.0,False,0.5695989010545752,0.30740528013549157,0.4540843947157341,0.4589828458782757,0.26805275672823403,0.23043358356678995,0.4436961919686003,0.1072918442998712
159,2,30.0,90.0,False,0.6221930490347484,0.41801055701425444,0.6254314243403658,0.5959959772847768,0.09318467041725989,0.5806085551274374,0.5552116767964562,0.09702484980928879
160,2,30.0,120.0,False,1.1506690735527165,0.3303144508522528,1.1535357638266985,1.2120064792472156,0.12695222481913887,1.2146837943620394,0.8781730960772226,0.38739633094036596
161,2,30.0,150.0,False,1.3952859052201423,0.3276172503360544,1.4178872802551512,1.5544068951623682,0.07709611872435737,1.5811450351626006,1.0469301452704494,0.5087147112429803
162,2,30.0,180.0,False,1.3989256803271248,0.2760125805901684,1.4612890181892446,1.5604787293734839,0.09227188681489454,1.622206615074501,1.0454090930355127,0.5446408856605242
163,2,30.0,210.0,False,1.3452695690583727,0.27409179283659973,1.2515266484985794,1.513109870193988,0.28056047965101105,1.4280135489782813,0.9569626701311839,0.4843768574719318
164,2,30.0,240.0,False,1.0553620741749319,0.2946527567235656,0.9675136531064488,0.9847744740315869,0.12118934479600098,0.9035750480315168,0.7725094946683154,0.3397936950272958
165,2,30.0,270.0,False,1.9584329869596915,1.0258004385572916,1.8416247227547495,1.173220346878198,0.21719503894917205,1.0425613340832816,1.6086193827572444,0.41486502538810016
166,2,30.0,300.0,False,1.8991298338122347,1.4734525579126694,1.9231156427971325,0.74766217574662,0.20066192682279577,0.660032500369435,1.7652326781740122,0.20655194454496228
167,2,30.0,330.0,False,1.6200077449315804,1.169633449147524,1.574607167773058,0.6243274628524045,0.07236533661163322,0.5771435906931848,1.4547494539507209,0.20245765853264913
168,2,60.0,0.0,False,1.238973131417898,0.9616294751494594,1.2292817707752954,0.360728937495986,0.056029722028361525,0.33850090522216286,1.143294792447551,0.12851769333322283
169,2,60.0,30.0,False,0.7872381453740722,0.6755827378587682,0.7845119160800018,0.3103052709876311,0.10383814673114444,0.2459339717017096,0.7491109331042808,0.05200419664852457
170,2,60.0,60.0,True,0.4091257529869602,0.25637210639901054,0.3733047099889577,0.32065030554528184,0.09420981936098946,0.31644428728561586,0.34626752312497616,0.06522615140988287
171,2,60.0,90.0,False,0.4684450234168567,0.2849518252323938,0.5305033870141631,0.6106995923750347,0.10575152771215034,0.6903520377872263,0.4279667452211379,0.10425213228078045
172,2,60.0,120.0,False,1.000867687574511,0.3320943297925275,1.02159823995373,1.2014217612754932,0.06459127832054344,1.2181511817163573,0.7848534191069229,0.3202608662409311
173,2,60.0,150.0,False,1.4622871425992061,0.5198682827320403,1.498884712612421,1.6033417398788636,0.20946870285811434,1.6609598898442244,1.160346712647889,0.4531330267690502
174,2,60.0,180.0,False,1.4497265857317478,0.7907846341343617,1.708655728327662,1.4569840640421785,0.2703000266328882,1.4351464185095688,1.3163889827312572,0.3863987781807278
175,2,60.0,210.0,False,1.258067735610426,0.8635646527960021,1.3244285726899845,1.0697922539634324,0.08772634497616343,1.0265581430802255,1.1486869870321375,0.20342402231901685
176,2,60.0,240.0,False,0.6235114917054595,0.24906202033811836,0.5119242291403806,0.6390069534635965,0.20426759059132257,0.7228010332050777,0.46149924706131945,0.15697157017556934
177,2,60.0,270.0,False,1.5176678749709214,0.9878277820799377,1.4694682065884486,0.6723320557982879,0.08843442090004523,0.6312540138891194,1.3249879545464358,0.23921892125732053
178,2,60.0,300.0,False,1.781603170638117,1.1914020626128738,1.7905886526878545,0.7415817924642942,0.08673185458362523,0.7333773899614007,1.5878646286462816,0.28036536807204787
179,2,60.0,330.0,False,1.361633064140741,0.9898616614668017,1.394590420138879,0.5538163483007585,0.052607995746464326,0.5879339905381707,1.2486950485821406,0.18351673591763806
180,2,90.0,0.0,False,1.365978978709175,1.3572335449205433,1.3794544105920048,0.6030199896503212,0.028237758218058913,0.6192396143235996,1.3675556447405743,0.009139880547294218
181,2,90.0,30.0,False,0.8285336591583707,0.7891509295599726,0.8417288010090564,0.528020356547925,0.04100602764955559,0.5485523187972369,0.8198044632424666,0.022334685842619707
182,2,90.0,60.0,False,0.4365614619717314,0.4133423395228517,0.4018546055674273,0.5388357493450974,0.09004193846719169,0.5448410895130459,0.41725280235400347,0.014436302851552417
183,2,90.0,90.0,True,0.6678190948312119,0.2293082251670376,0.6935131574809613,0.77281132990937,0.2190360120642839,0.8035122927199199,0.5302134924930703,0.21303056297516826
184,2,90.0,120.0,False,1.3641301479861236,0.387340612450821,1.2892794438947544,1.2621904053608786,0.19181664726048828,1.2163945196183832,1.0135834014438998,0.4438736156836506
185,2,90.0,150.0,False,1.7520696372442974,1.0196418519565547,1.7066202650054492,1.2724423715036028,0.18855078105025988,1.3235490299193051,1.4927772514021005,0.335071376491237
186,2,90.0,180.0,False,1.68339027624963,1.3876387516097277,1.6784016195558962,1.0431778464879926,0.06150780567506911,1.0337223279247527,1.583143549138418,0.13825776907996312
187,2,90.0,210.0,False,0.7844709464341247,0.9697751292815193,0.9660193820870697,1.1339829953970366,0.25508343461682337,1.0121753593367417,0.9067551526009047,0.08648158462018295
188,2,90.0,240.0,False,0.8792022451078114,0.4447895905295396,0.9962449741489598,1.2424450089897243,0.20571594513648211,1.3490537823311446,0.7734122699287703,0.23723321741414022
189,2,90.0,270.0,False,1.5994743446255675,0.39608694851635845,1.668838728196991,1.241751835123734,0.1733656200080234,1.3107613014692463,1.221466673779639,0.5843181910476671
190,2,90.0,300.0,False,1.71856918081589,0.9521256566935772,1.7342694067936915,0.9426232073990294,0.0440104917454976,0.9556424083970076,1.4683214147677195,0.3650617936406953
191,2,90.0,330.0,False,1.7416163149080135,1.5130957652979578,1.7373334606804185,0.7518481961064314,0.02758273439203289,0.7551998845207166,1.6640151802954632,0.10673046449655528
192,2,120.0,0.0,False,1.2904466847815967,0.7725666207449234,1.2730399575466578,0.9929117879821325,0.06339496006256319,0.9920697952898214,1.112017754357726,0.24013336936172286
193,2,120.0,30.0,False,0.9859094057741459,0.17437432841141448,0.9916736818051954,0.922969092002162,0.09696691181038539,0.9287019979876173,0.7173191386635853,0.3839271692690033
194,2,120.0,60.0,False,0.6189644690266488,0.39355168214516245,0.6103392764611547,0.7877625913098179,0.0409336073096184,0.7777435456040601,0.5409518092109886,0.10428709278066405
195,2,120.0,90.0,False,0.6681270645447738,0.303910206484868,0.7512326042736823,0.6641576603685326,0.10539291983659346,0.7300805002334846,0.5744232917677747,0.19426722088464668
196,2,120.0,120.0,True,0.9258720096293085,1.1841016333173684,0.9429562640562984,0.7803758003498564,0.23463304532295687,0.9213441800075453,1.017643302334325,0.11791027634767272
197,2,120.0,150.0,False,1.1712358631197768,1.70014439404193,1.0946308397712405,1.4053500124138605,0.14993708056214872,1.4489970326242476,1.3220036989776491,0.26920855774947744
198,2,120.0,180.0,False,0.8988740642183539,1.172550246380248,0.9416542272128002,1.2177263833738685,0.09317420657054695,1.1873576443030351,1.0043595126038007,0.12020434762701018
199,2,120.0,210.0,False,0.9208599061212486,0.6659139552371036,0.8891574492094887,1.3457819547305927,0.073838516714442,1.3110554265285361,0.825310436855947,0.11345098856014198
200,2,120.0,240.0,False,1.1152286231353394,0.18458141341797943,1.2396017783657243,1.2042724598369365,0.19363431995497382,1.3261965259545083,0.8464706049730144,0.4707725189221958
201,2,120.0,270.0,False,1.5959740520799373,0.7517586136902419,1.6218089152069375,1.065355206258686,0.09250654878709519,1.1036659049681976,1.3231805269923722,0.404193940486988
202,2,120.0,300.0,False,2.219233264585408,2.1621054043545147,2.159069580663553,1.2418234111014512,0.10963974904405581,1.2233212577407935,2.1801360832011585,0.027673648723594083
203,2,120.0,330.0,False,1.6976580089522169,1.5581946753218898,1.7271563685462166,1.1275512930218003,0.07514171358504176,1.1620320837033722,1.6610030176067745,0.07368719806139427
204,2,150.0,0.0,False,1.3370654729750555,0.5197055799125025,1.3109533750593974,1.1637548808062317,0.0696040106050474,1.1461436177331568,1.0559081426489851,0.37930229951694894
205,2,150.0,30.0,False,1.0197060397627826,0.3332311483386201,1.0628560937896971,0.9667193773576817,0.06940663412929468,1.0053307518977497,0.8052644272970332,0.3342424709935436
206,2,150.0,60.0,False,0.7159097906724166,0.6707425885392314,0.7961892180612828,1.1253120873668112,0.2302045945600931,1.1169597824596091,0.7276138657576436,0.05187776174053246
207,2,150.0,90.0,False,1.3977317936854754,1.428989194211851,1.462135858246371,0.9736374740684747,0.11746184102386564,0.9037826952857718,1.4296189487145659,0.026296619884708515
208,2,150.0,120.0,False,0.6848546469447837,1.9399322869659907,1.0143101397912044,1.5565490468180012,0.35673508304452983,1.3337824053432255,1.2130323579006597,0.5313020864492923
209,2,150.0,150.0,True,0.6357129849509573,1.28264721847692,0.6186052352818519,0.9234061424581462,0.09771443314511191,0.930797095195995,0.8456551462365764,0.3090789782298018
210,2,150.0,180.0,False,0.34218718132344794,0.5184061893837231,0.2821748068588346,0.6050513837275352,0.11814952428354945,0.613082500648165,0.3809227258553352,0.10025516887769066
211,2,150.0,210.0,False,0.44554922476027525,0.3054676318396798,0.4610934091579857,0.6374713386624558,0.1495013610367291,0.6853259751991578,0.40403675525264693,0.06998718685087084
212,2,150.0,240.0,False,0.940708462895999,0.18846244057532913,0.9230080240458353,0.8099589215985648,0.09791662536832677,0.8070883831761644,0.6840596425057212,0.3505146371692129
213,2,150.0,270.0,False,1.3473397441143637,0.8116316003382338,1.3336288947626231,1.0306371762778417,0.08530230057349542,1.0252993288507781,1.164200079738407,0.24936639221220816
214,2,150.0,300.0,False,1.6746051150251886,1.5540354941659884,1.631085636968496,1.3683951732847084,0.06536758395973381,1.3398058513975348,1.619908748719891,0.04985278656019257
215,2,150.0,330.0,False,1.3986408331348632,1.1224225454862402,1.441161404692389,1.325867621585285,0.20332243202711295,1.377049144798534,1.3207415944378307,0.14130306350581415
216,2,180.0,0.0,False,1.3239593402117136,0.14326270933264376,1.3047357271780617,1.2218029791492475,0.05720458668386882,1.203636573726259,0.9239859255741397,0.5521104612354103
217,2,180.0,30.0,False,1.1032955247853249,0.26949528982756427,0.9805411920531962,1.2924325376719097,0.3262217298077902,1.1591129101523305,0.7844440022220285,0.36755615339579073
218,2,180.0,60.0,False,1.9194292234770334,1.4343586899064205,1.8742770065435983,1.1377233431487628,0.09639231374004792,1.1849996362101765,1.7426883066423506,0.21879982494035535
219,2,180.0,90.0,False,1.6390049668339217,2.1721068113040807,1.6430475856363427,1.3623116139029952,0.051998836565277526,1.3404280827948871,1.8180531212581148,0.25035920496767433
220,2,180.0,120.0,False,0.8171353833752457,1.3314015102407155,0.6930083511243239,1.1198874278144433,0.2198530982150452,1.2120536259142576,0.9471817482467616,0.27636992017206846
221,2,180.0,150.0,False,0.4244344792185369,0.642077662585421,0.4597394767555585,0.5210742832986435,0.07687874312772165,0.5032465145380626,0.5087505395198387,0.09537191068471873
222,2,180.0,180.0,True,0.31674056013828134,0.28883783806406355,0.3283416772996226,0.4301063407353597,0.12822465591468601,0.3991097372469191,0.3113066918339891,0.016578772012195136
223,2,180.0,210.0,False,0.3450279753081915,0.13591075861926735,0.3327104884982325,0.38300027791246205,0.13018286668521767,0.3730735103632979,0.27121640747523046,0.09580759914042404
224,2,180.0,240.0,False,0.6213270691541855,0.29931817554386553,0.6404493830503617,0.5025533415478602,0.06665171863858652,0.5336752045241935,0.5203648759161376,0.1564984526681499
225,2,180.0,270.0,False,1.0747554431158983,0.9434265195099504,1.0321480480189344,1.3508670891860592,0.06324169915282755,1.3093198706495746,1.0167766702149277,0.0547054597249023
226,2,180.0,300.0,False,1.2000095116107359,1.053785837407385,1.1599767256346802,1.3024444153355106,0.05339565027830746,1.2809030882628458,1.137924024884267,0.06169863278967309
227,2,180.0,330.0,False,1.244935210564138,0.46657475214910193,1.2339907697629386,1.1800132773971932,0.045874398674888864,1.1727745392367088,0.9818335774920595,0.36437040496036094
228,2,210.0,0.0,False,1.2333454182671395,0.2438749236104772,1.2025732236812796,1.3677352217896612,0.10056719654005708,1.337364612521755,0.8932645218529655,0.4593596047535907
229,2,210.0,30.0,False,1.3461612417741926,1.5536892738426495,1.5259424292250197,1.257090472604938,0.23695696182497056,1.1617145949233438,1.4752643149472873,0.09198976201589609
230,2,210.0,60.0,False,2.211205128570658,2.169293561845684,2.353336627393226,1.068907139718147,0.17209649760598072,0.9577449058386068,2.2446117726031893,0.0787610961205738
231,2,210.0,90.0,False,1.4462089701246579,1.842741104840615,1.3634038143366745,1.2978997811996948,0.0977863166772293,1.3418675799929525,1.5507846297673158,0.2091938669578812
232,2,210.0,120.0,False,0.6615284753888688,0.9460934233534237,0.6106115003497187,0.8263361151584339,0.0942511257776019,0.856696285294563,0.7394111330306704,0.14761732381753961
233,2,210.0,150.0,False,0.5730365272756739,0.261513042593707,0.5723213169631671,0.5460418529560788,0.09514235687439938,0.5188093353851129,0.468956962277516,0.14668529292737503
234,2,210.0,180.0,False,0.4056119434317801,0.23904617320295274,0.43149483021495394,0.40134228597887583,0.06174966266199773,0.4126920284521426,0.35871764894989555,0.0852776935962584
235,2,210.0,210.0,True,0.6272934909479404,0.22702299266667336,0.49206799565764986,0.6525298046483539,0.16072765611230144,0.5147543596256058,0.4487948264240879,0.1662498989076802
236,2,210.0,240.0,False,0.8381592298913818,0.29967888147894384,0.7663166943052085,0.9535682135338762,0.08850743164348568,0.8768955770490751,0.6347182685585114,0.23871723949874515
237,2,210.0,270.0,False,0.6672676845607376,0.4761819042844591,0.6911445543445014,0.8981133433100392,0.04360245321885209,0.9178379911611223,0.6115313810632327,0.09620165236239805
238,2,210.0,300.0,False,0.8356159213851975,0.3229387705646503,0.8439779485972335,0.8114614687417906,0.06514575359227254,0.8085790430247055,0.6675108801823604,0.243673189497153
239,2,210.0,330.0,False,1.0717470943893033,0.37819557825591876,1.0238473176437148,0.8693999436331101,0.09404460329584152,0.8151134952969775,0.8245966634296457,0.31625837937387
240,2,240.0,0.0,False,1.1718157250153727,0.08111563966978365,1.1075382667984752,1.178726287420068,0.08136003076575174,1.1148152353139293,0.786823210494544,0.4997000964233409
241,2,240.0,30.0,False,0.9131197300014784,1.148610991857749,1.0119683116439386,1.2516867688548337,0.17093914239418695,1.1363833840194855,1.0245663445010553,0.09655073425084655
242,2,240.0,60.0,False,2.256303354448728,1.6334337785557074,2.0021295412129043,0.8988583080706084,0.2613871342861612,0.8910014954399488,1.9639555580724466,0.25571412017445555
243,2,240.0,90.0,False,1.0364688757718317,1.2753280255263064,1.1239367949988055,1.2150872690333203,0.13924570784217988,1.1688113552542116,1.1452445654323145,0.09867096555722624
244,2,240.0,120.0,False,0.7819678375483066,0.48603339875825136,0.7992242923221589,0.8676645135812386,0.07252331729117203,0.8696364620059315,0.6890751762095721,0.14374495666697157
245,2,240.0,150.0,False,0.724807780466909,0.08226321045351151,0.7234388834239296,0.7128150602709428,0.06820714056353273,0.7109638897922045,0.5101699581147834,0.3025762790772096
246,2,240.0,180.0,False,0.5206537951020318,0.22442612401341439,0.521458691316355,0.5959905669322487,0.08442864573513933,0.590263680725196,0.42217953681060044,0.1398331652820118
247,2,240.0,210.0,False,0.9034402077587895,0.14854390743797136,0.7889395391683096,0.9323986962503927,0.141875082203837,0.8084528602332772,0.6136412181216901,0.33217889967188613
248,2,240.0,240.0,True,0.6989943010823274,0.24876970931608866,0.8445006774753723,0.5964476779918633,0.1539146389662296,0.7067995482723477,0.5974215626245961,0.25358971128491703
249,2,240.0,270.0,False,0.4718717169484602,0.3158961385224236,0.5627972434067701,0.6368151374336876,0.16364055239755226,0.6448660925979703,0.45018836629255127,0.10195641117663336
250,2,240.0,300.0,False,0.4887263391068839,0.4518212640680904,0.49619416317505555,0.566835911523059,0.027911372980959595,0.5826696551205145,0.47891392211667666,0.019398473980900454
251,2,240.0,330.0,False,0.6814276096237435,0.28113635535492365,0.6152226157140064,0.5172315937680556,0.12582613397460168,0.4953058045902521,0.5259288602308912,0.17519190075882507
252,2,270.0,0.0,False,1.3529272632499312,0.4857773786219636,1.2934379565778076,0.9488416697439654,0.09807995353092154,0.8858804239363306,1.0440475328165675,0.3955029862512061
253,2,270.0,30.0,False,1.0670439240799598,0.32576794627307704,1.1585936788180529,0.7850126994136211,0.2264472842740059,0.8726806260093325,0.8504685163903632,0.37289708643646363
254,2,270.0,60.0,False,0.9065006786920095,0.31735795021037233,0.8295991773641936,0.7879564454963319,0.09723700300547658,0.7206085372792495,0.6844859354221918,0.2614901889439136
255,2,270.0,90.0,False,0.6363518075578349,0.6569991223467473,0.6255179856468587,1.1174858872790503,0.13642444619554944,1.0476863839482824,0.6396229718504803,0.013058608370250815
256,2,270.0,120.0,False,0.8375542954028186,0.20543674594842226,0.8448243558277548,0.8541362334439507,0.06540113665697418,0.8565611710695813,0.6292717990596652,0.2997113362654174
257,2,270.0,150.0,False,0.8241238816830885,0.3271759850306394,0.8026294157808351,0.878123291175892,0.13243983574207985,0.8506253421417281,0.6513097608315209,0.22936511137966314
258,2,270.0,180.0,False,1.074645945066682,0.5275536089181824,1.074717908212197,1.276415068386977,0.09855643399089564,1.254644074871948,0.8923058207323539,0.25791876409982434
259,2,270.0,210.0,False,1.0921140660657709,0.3600758796275819,1.1488453659796887,1.2828857037312917,0.18020644292644017,1.3699929487229805,0.8670117705576805,0.3592052414542419
260,2,270.0,240.0,False,0.7166989665072176,0.3463452896416843,0.7152004066270954,0.6824024438808536,0.02506692697198456,0.6822672801285216,0.5927482209253324,0.1742342576902511
261,2,270.0,270.0,True,0.48574508335326294,0.5979574250179213,0.5022616391112664,0.6359770509211918,0.07570381292990425,0.6276069939173823,0.5286547158274836,0.049466138447612794
262,2,270.0,300.0,False,0.23710324497759233,0.39926549750258866,0.2352248298875218,0.5816212661410753,0.09626660171455358,0.5869153455379209,0.29053119078923423,0.07689058981495729
263,2,270.0,330.0,False,0.6229140019936741,0.2559268448330784,0.49573007167325467,0.4700621631500031,0.14594085653817335,0.37006600101637876,0.45819030616666906,0.15215522529294662
264,2,300.0,0.0,False,1.4869265864673817,0.6956629522489852,1.470492145759314,0.8699005669014909,0.16373474982549524,0.8819305132342841,1.217693894825227,0.3691925888256032
265,2,300.0,30.0,False,1.120043531671854,0.42627532811470026,1.111513191932662,0.7306699260378149,0.1739353911983182,0.7231555554415252,0.8859440172397388,0.3250535027709182
266,2,300.0,60.0,False,0.6225147384003609,0.22775351777261194,0.5785583019930588,0.4185838045946149,0.09435450898568333,0.4066175866227484,0.4762755193886772,0.17664546610060305
267,2,300.0,90.0,False,0.7297308044424513,0.2907805488472388,0.7361141016577113,0.54987385196324,0.08584497314427691,0.5536531344130078,0.5855418183158004,0.2084439830503999
268,2,300.0,120.0,False,1.2095177921267117,0.676744770633338,1.2137013534090486,0.935397481782092,0.055181954256157954,0.9379429305646825,1.0333213053896995,0.25214347027091766
269,2,300.0,150.0,False,1.2744930987708303,0.5938897666522633,1.3209973221527336,1.373746992412391,0.1058614281664156,1.4017928850235575,1.0631267291919424,0.3323433525318724
270,2,300.0,180.0,False,1.2844206399047224,0.5223464808236244,1.3185197672116173,1.475001269043068,0.0833525718009422,1.5113552247623878,1.0417622959799882,0.3675461688882865
271,2,300.0,210.0,False,1.2796292578937045,0.25294925911212346,1.3135404221058884,1.3741707736819775,0.0700267355634659,1.3941232409778355,0.9487063130372387,0.4921692800446294
272,2,300.0,240.0,False,0.9718809255905455,0.59148570463991,0.9678450287123139,0.8157480123816658,0.034921921612560324,0.8226158536140854,0.8437372196475899,0.17837636658416983
273,2,300.0,270.0,False,0.4695091209183828,0.635062080982157,0.48782341768385207,0.6019628562312581,0.07098212133980805,0.5879754777071516,0.5307982065281306,0.07410384607034981
274,2,300.0,300.0,True,0.2611385721177714,0.5521619120477257,0.1467237166087485,0.4912546162606117,0.1664769664102262,0.5077425798136203,0.32000806692474854,0.17067365671425902
275,2,300.0,330.0,False,0.7228219100897972,0.4261465145824793,0.7079723848118422,0.5239509802394994,0.15632606908545138,0.4302709837541019,0.6189802698280396,0.1364887540466824
276,2,330.0,0.0,False,1.4459742617773252,0.8206932622210017,1.476333670186728,0.7408241570341596,0.11480839226568829,0.7949538608347245,1.2476670647283516,0.3021703652361598
277,2,330.0,30.0,False,1.051318641323927,0.6090256920676635,1.088641520328935,0.55235112417551,0.052368433962270616,0.5889658235683137,0.9163286179068418,0.21782954421029188
278,2,330.0,60.0,False,0.7292241931373495,0.40523148207156245,0.7234050500709817,0.4420931914007825,0.16510909840288396,0.40051709958847415,0.6192869084266311,0.15137868579722932
279,2,330.0,90.0,False,0.8179043721424538,0.642761383612587,0.8256617482532114,0.49469322249266845,0.046510150558513444,0.5088428597211438,0.7621091680027506,0.0844510290056184
280,2,330.0,120.0,False,1.2847820945891795,0.747200926685293,1.3031753155267527,1.003285778962605,0.07684503936727152,1.0192398918075916,1.1117194456004083,0.25786287133302277
281,2,330.0,150.0,False,1.3462259693772878,0.5319178659577379,1.4193376999742753,1.3863121982606583,0.25169997327495663,1.4274462098773721,1.0991605117697671,0.40221014052241805
282,2,330.0,180.0,False,1.6022500441305656,0.24788498653270827,1.6265481858442774,1.5967525952234083,0.08377215295055833,1.6232273763327032,1.158894405502517,0.6442573093681676
283,2,330.0,210.0,False,1.558253647320952,0.2467336236181265,1.590287028703561,1.5079189041243635,0.1060107659677767,1.5426582154540045,1.1317580998808798,0.6259434357132821
284,2,330.0,240.0,False,1.2972803091723,0.5340877998605539,1.2443182213987094,1.0578006467902892,0.12342495299476058,1.0068844497697271,1.025228776810521,0.34796153055077855
285,2,330.0,270.0,False,1.216650420891195,0.8865048839718004,1.0927033269328197,0.6096854227191428,0.13647852400848443,0.505884316302327,1.065286210598605,0.1361685048950056
286,2,330.0,300.0,False,1.098839705638292,0.7776931839360628,1.242153127557721,0.654436745038345,0.2571951389850972,0.6416024530736268,1.0395620057106918,0.19419259184082935
287,2,330.0,330.0,True,1.565999341710043,0.7994182689402225,1.5755699339372293,0.9462299617536238,0.11820014407754742,0.933542201732834,1.3136625148624983,0.3636465842976505
