trial_idx,cue,color1_deg,color2_deg,same_color,sw_Healthy_vs_Ablated_0,sw_Healthy_vs_Ablated_1,sw_Healthy_vs_Ablated_2,sw_Healthy_vs_Ablated_3,sw_Healthy_vs_Ablated_4,sw_Healthy_vs_Ablated_5,sw_Healthy_vs_Ablated_6,sw_Healthy_vs_Ablated_7,sw_Healthy_vs_Ablated_8,sw_Healthy_vs_Ablated_9,sw_Healthy_vs_Ablated_10,sw_Healthy_vs_Ablated_11,sw_Healthy_vs_Ablated_12,sw_Healthy_vs_Ablated_13,teacher_vs_students_mean,teacher_vs_students_std
0,1,0.0,0.0,True,1.058445031974272,1.3186309839659667,0.13390478349390741,0.06881747243473518,0.7949675580941109,0.20780907276915933,1.5097225649665127,0.8620132783374364,2.679891915712442,0.2239694761899736,0.2687357982470301,299343.59474357514,2.9200850135754877,0.3963721710338323,21382.574150621138,77092.51633787523
1,1,0.0,30.0,False,1.1975073389651523,1.2624065650731762,0.15349916463118785,0.23619822412443825,0.8373403179905692,0.25485356983596696,1.9522238344019982,1.1120346109846468,2.8531284103935457,0.25216402644905805,0.2448120385588371,176846.55005389074,2.5868702910799195,0.40092082328051115,12632.849572364748,45544.68594809526
2,1,0.0,60.0,False,2.7982572592240884,1.076429470283834,0.3046962347136818,0.37160578846350356,0.8668942808321325,0.4137897234919058,2.303161100634346,1.5222094426030772,2.911557114397283,0.19362842742506498,0.5080634839783067,154409.56550121336,2.2957702264382367,0.30095570513425807,11030.38803710507,39766.22894823136
3,1,0.0,90.0,False,1.4728143369767044,1.210765535267061,0.34069116261849597,0.43467276674358546,0.6152976468876525,0.6981262261246726,2.6560006728644767,1.79192545438417,2.7918339992330177,0.3420118831628236,0.5764095413525379,81229.41787338126,1.946652174674101,0.3308358262954505,5803.187565043418,20919.472392369036
4,1,0.0,120.0,False,1.434124014996763,1.4003216277632697,0.4126722195351416,0.7982705503593333,0.9136567974773557,1.3132687480596588,2.1630444995999825,0.7988298870004761,2.583783564528437,0.48853759286414344,0.343356897917159,16089.599191839052,1.3911936107993867,0.6955069430660074,1150.3096970566442,4143.413454070061
5,1,0.0,150.0,False,1.2264339037538554,1.2975479500364369,0.4033369018661941,0.9702119390646538,1.513949403330186,1.9240812484554008,1.9312350688565216,0.871427062224334,2.434358031570592,0.5192272099352868,0.8724326698443681,40201.25809541167,1.7179707955560364,0.7159090660423911,2872.6897297615865,10353.082114178598
6,1,0.0,180.0,False,1.0703990455452825,1.2625908594847246,0.8992011732509226,1.1914694275910995,1.4293400548883184,1.8170705617467804,1.8849446013860383,1.3890018865162697,1.8431227390565068,1.3334612768225769,0.7860560560851291,135718.57849847572,2.055593864077016,0.538778507789954,9695.434252037856,34952.531423808694
7,1,0.0,210.0,False,1.11829995627922,1.3526559147256214,0.48311664316336334,1.1401364162114376,1.2889302488500654,0.7986756210126364,1.6749534710240899,0.8060828431459004,1.350451786885804,1.5938748404488368,1.1251074704505315,190372.07915168768,1.856565549963729,0.3846482767195746,13599.075189337613,49028.00999432853
8,1,0.0,240.0,False,0.8886848179250928,1.182341349544787,0.11409366359163628,1.1603849305294347,1.4080505399051217,0.4998809058956082,1.3119202934022482,1.2932938657472608,0.777686068712577,0.4496701050129965,0.8328455319836772,227071.6918836854,1.5564875628649992,0.41090459437696414,16220.255580565348,58479.666547320325
9,1,0.0,270.0,False,0.7355344245356134,1.46444605883989,0.1802572311087039,0.6046552994278465,1.0082433908642705,0.8003213267936077,0.9643995973872542,1.136126784398251,1.2078011958849797,0.5356601218751311,0.8872315919608061,318382.84667595057,1.7642728335966034,1.2253088743991631,22742.525781048687,81995.87200714397
10,1,0.0,300.0,False,0.5621498798059255,1.4092021006719848,0.2671656906801168,0.1371083619397898,0.5600936221608344,0.6566151325395305,1.0059988382484397,0.8252587330312083,1.2567999144684365,0.32637433493317125,83.99929905271085,385795.188045604,1.519427332217067,1.1070096731665573,27563.487182019326,99355.59967906351
11,1,0.0,330.0,False,0.691150449917433,1.4036758272601717,0.23086139939434147,0.0361525149661254,0.38682104610558216,0.36669627762837786,1.2649146649705478,0.6730370758598245,1.6061853763313856,0.27204447689417616,0.22601251726250107,334899.8823591355,2.532924017239294,0.9028545987473983,23922.17683495558,86249.69714051086
12,1,30.0,0.0,False,1.4639665780288464,1.1030821264929558,0.09665113167500698,0.20053614965110267,1.769266369029514,0.2572313527144818,2.0883710672705154,1.250662360159181,2.899459842667411,0.46044248619290123,0.5000573953748736,122708.5900130752,2.6820303973929036,0.35269120103749296,8765.979604395206,31601.994188624096
13,1,30.0,30.0,True,5.5347352357793405,0.9846068691970635,0.25728354842918233,0.5309824026594228,1.435934297416574,0.3017090214918545,2.2561954354823808,1.3725913627663728,2.8167778056137074,0.3161407464400886,0.09488597156903822,83266.9330373992,2.2792181853112985,0.2639980529988935,5948.955578309596,21444.14868113855
14,1,30.0,60.0,False,24.22819650345732,0.8532032390881537,0.6893671258062368,0.5197518049829786,0.9599684796967429,0.3800557162634133,2.4332501558702075,1.6309506285978936,3.1125069986576155,0.31794105740755874,0.0871999992468171,160486.25135270055,1.9585088031842828,0.16768901169847167,11465.970710158892,41330.78989295723
15,1,30.0,90.0,False,2.441114243900769,0.7501379552678957,0.41408269239199136,0.6370118370341379,0.8606462197085755,0.707842594754832,2.264839990353166,1.1741862373177638,3.149720439105466,0.348901106914963,0.33107062400528775,105573.59007617383,2.162935522085613,0.3621155716018092,7542.085334372018,27189.04747281937
16,1,30.0,120.0,False,1.9318500796725093,0.9855714131174237,1.21544533631995,0.3087829315179269,1.2015131078356167,1.995269663598448,2.2976724055776465,1.1112865019307714,2.589426999953472,0.6092605992536985,0.5284204675175825,789.4295322994147,2.6228757769168,0.6339903135712983,57.675778421156984,202.95335541810283
17,1,30.0,150.0,False,1.7666377143564072,1.0629550863095603,1.3050177051594383,0.7691031415338372,1.308928362638241,2.3199233100518235,2.254047158592792,1.1450753064725627,2.4518583480426654,0.9152288633568717,0.7084495164948981,7830.215550231951,2.588012990099596,0.8147282838747896,560.6875368584954,2016.20440985992
18,1,30.0,180.0,False,1.6571848313970623,0.918372146219992,1.0803171981066786,1.353285356133403,1.4742464428483568,1.6185999519236418,2.192130312384114,1.4615070241457677,2.2456124461540203,2.2209686478029553,1.102800373476438,17565.91997994871,2.4565600988089655,0.46971998864738884,1256.1550917690543,4523.514925267824
19,1,30.0,210.0,False,1.3754527705677009,0.8735783636557672,0.13496227530293123,1.4621424486783696,1.8477139138225784,0.5852741227787794,1.8909826695105636,1.6532960871390072,1.433550661821464,0.8953973304465015,0.861672365012818,17103.245329713835,2.188676191066251,0.46259691693662874,1222.7793304164695,4404.448840306882
20,1,30.0,240.0,False,1.3220321563100441,0.7887574106757016,0.39338556663702895,0.7441674316860705,1.8318957515762286,0.6641780293227773,1.5395678681442262,1.8940651078071782,1.3622918781369067,0.2061116552737077,0.9719194740311314,47722.07949669262,1.812487985163683,0.8300896263177395,3409.7457461881213,12290.030124303019
21,1,30.0,270.0,False,1.2362872182390636,1.131020752381653,0.5915618314463487,0.27373435730217904,1.4594201004619518,1.0580626762228764,1.2804368976172882,1.4582770646036263,1.9575347880626812,0.3813848908288005,0.7946580973219299,81110.3449963732,1.6952643504186957,1.4135148803599022,5794.648296734175,20888.815874255484
22,1,30.0,300.0,False,1.031189748705808,1.141039737481105,0.5896079203771547,0.1456957609938907,1.1429763916317626,0.5312244619901956,1.4419573236060876,1.1769690182200077,2.116220677224214,0.5810788104839711,0.3415757467780705,44980.28167928971,1.7680904058394589,0.8466357585410954,3213.795424360827,11583.939072502131
23,1,30.0,330.0,False,0.9965361463302789,1.0601148208569566,0.3399619914932233,0.25941748889358207,1.1192607488817314,0.24082736644525768,1.944507090811348,1.0446563983711186,2.625151197729462,0.5708409984426597,0.4377968843250901,136706.09166573334,2.717347104392691,0.41529132325717705,9765.704526806685,35206.928836421364
24,1,60.0,0.0,False,2.480394236751004,0.552838825090912,0.4378882737354265,0.4998288410084346,1.1277040294187173,0.4126389500841625,2.6425254109818934,1.3547128984260841,2.7176496523211897,0.6016369181397849,0.14506896727693996,129801.75579630441,1.8980054051407382,0.1356560432447257,9272.625881768288,33428.766019218594
25,1,60.0,30.0,False,8.532206619361462,0.5936883323824276,0.31643604365135647,0.9038638424050407,1.9043837476993406,0.2696138788329385,2.442413938835832,1.280209650629911,3.249664315771398,0.527162440599427,0.09455699153006056,187585.04619017476,1.6810096113598234,0.24800369632791996,13400.506385948867,48310.09925003724
26,1,60.0,60.0,True,15.434281369724093,0.45775776592178774,0.40581700082208166,0.6837383037420457,0.9286355712580727,0.5036800066299099,2.551526043353547,1.187316154857696,3.0097647718319287,0.26988624225732294,0.2332128737134488,332054.6951834792,2.632196258420324,0.16535201346333556,23720.225596275373,85516.5954758386
27,1,60.0,90.0,False,5.059089452226337,0.4479316563718427,0.43020559307654277,0.41001524843882947,0.7489127589172373,0.800887735311764,2.4684956447277107,0.9569475455940606,2.6054796936599804,0.5059487540983307,0.6587938899419351,202927.4797006813,2.869489489098434,0.22210812388591183,14496.118857590473,52261.4564341942
28,1,60.0,120.0,False,2.2960694847058196,0.7261777177112325,0.9129116956013583,0.2551012341098312,1.1204190855413447,1.798436248426686,2.4514337093808383,1.042889317900579,2.54014569022503,0.6022292920022109,1.0528955455452367,5932.093795569131,3.0090866012423807,0.3614527546665248,425.01878885329927,1527.388027240425
29,1,60.0,150.0,False,1.926282696665964,1.020330340034247,0.7963222065730376,0.41927253155805155,1.398308686958436,1.999937655119935,2.4071828113659186,1.2367597093532603,2.4550632030681165,1.795978137568007,1.2242144492904405,2834.2000722385537,2.845427824126636,0.5593587866156496,203.87746509120367,729.5205744804208
30,1,60.0,180.0,False,1.9779104639189318,2.0728470584005514,0.3465387309474839,0.6855375105671254,1.8043995293558575,1.1377320871960448,2.3407113360017058,1.4641565119618374,2.0041736738855525,2.317902601975841,1.23248747046546,4709.366881095028,2.732930137067022,0.7532491853599776,337.87410409943794,1212.4341394252388
31,1,60.0,210.0,False,1.859334992516306,1.908691112982936,0.6199270516376314,0.7139250295890581,2.072515644976729,1.103067979311126,1.975238871399866,1.8441116759822709,1.5674353474344251,1.0595225145629097,1.2355933101853287,5891.470486916303,2.3428597904908663,0.46373028223915136,422.15974575140086,1516.9139773128427
32,1,60.0,240.0,False,1.8342099879956018,0.7666268242631564,0.7671543487799457,0.45112370826407855,2.242518479627949,1.2175435333767803,1.8392974122487338,1.8296260168070084,1.7231579357565812,0.6993134439969437,1.180002442178472,41654.003024262565,2.0602098982407866,1.1042400773524297,2976.5512891693897,10727.19504732498
33,1,60.0,270.0,False,1.973137762037465,0.45737265061245125,1.3053949976484773,0.24985302755727085,2.0821175360326185,1.1464226779807123,1.7086846007159284,1.5862613339632567,2.1443600193586976,0.5301063864995453,0.6273821327441823,20976.85629232993,2.1696373832239972,1.1625893185745224,1499.5714008683483,5402.026913159163
34,1,60.0,300.0,False,1.7501808745805914,0.6551356639083654,0.8925345440485861,0.5297581452476008,1.7879831341123147,0.3153872273825358,2.321030265423416,1.4111749811452612,2.48301933819262,0.4877883827487923,0.16830826237292207,9090.981490731907,1.5947621860614971,0.5807553441399718,650.4256649343764,2340.989097782259
35,1,60.0,330.0,False,1.564866412447266,0.6033995822779976,0.4832433230386701,0.6660134955367991,1.182097305089185,0.33558386584777067,2.4500242290504706,1.0715906110680782,2.785624053865988,0.3610775630839465,0.4784786179952164,67750.38655847673,2.295483794614303,0.30140464917460885,4840.354674712844,17448.103534225687
36,1,90.0,0.0,False,1.9736130576196267,0.7349012071389935,0.38812316069282343,1.0052723464590612,0.42947384377490727,0.7219594269890524,2.5024656609365223,1.3594903854711933,2.6930045003793905,0.7440311701109918,0.13282796478728742,155088.0649554988,1.6578529201951078,0.3188239538293871,11078.766199649801,39940.9931467089
37,1,90.0,30.0,False,3.5970184872603927,0.6448083253243446,1788.099521807376,1.2264088373466409,0.44207258463824173,0.6412723103873191,2.6250232523563426,1.128255319167058,2.4650509460997254,0.9006975403785945,0.2599154144741997,249108.6346229956,2.706296339877455,0.3691969608878105,17922.410011508655,64121.163351105766
38,1,90.0,60.0,False,5.808167147141193,0.42301491915962547,1144.1881756381053,0.8998674327021587,1.166497064899955,0.6655398553244883,2.535785099474216,0.8358335159751152,2.8420943266441587,199.23561989737078,0.7070054243531821,412044.7840039257,2.960750280771172,0.6009894063703294,29529.11809599528,106091.16347012753
39,1,90.0,90.0,True,2.042606782356293,0.555606723966508,0.24015722460054123,0.5339694227120744,0.6902977748068438,0.8953897216486781,2.6366116934636317,0.604020760097645,2.5628493688934517,907.1264081226249,0.9720517326976035,335301.5382868425,3.1595938537355357,0.6805900253160098,24016.017031432104,86335.38318278837
40,1,90.0,120.0,False,2.4160685010222815,0.7560076023685697,0.4126551727245842,0.455072341236843,1.0900496457440076,1.2942169422303071,2.7765560874379296,0.6555520771825398,2.3087130683433164,0.7919218552743849,1.0588570390634433,44725.03913535683,3.2487120410798798,0.73259875131931,3195.9311511772753,11518.102208183052
41,1,90.0,150.0,False,2.1205198426499487,1.245072854491377,0.6239051608935879,0.2918508981902398,1.6087370037075823,1.319480562493166,2.6644640306391856,0.8111193166839874,2.0211339904031664,1.5237258275383376,1.1255210362141488,10616.410825606348,2.8999405175798754,0.8576225574566162,759.680279943235,2733.765279610459
42,1,90.0,180.0,False,2.3625023897450603,1.9824694219672852,0.6904421149037121,0.5530676013132769,2.001805629691498,1.4437740977021012,2.6108450643810706,1.0804329298300632,1.5222453587075944,2.056203895789267,1.0206039252377734,8898.813243388504,2.990280004836909,0.44757869983982246,637.112535323032,2291.3836257048856
43,1,90.0,210.0,False,2.2923102943483133,1.2634749731324733,0.9742001018682305,0.34934939489512196,1.922803737471547,1.196329605406189,2.211521663557638,1.3909257496747127,1.4048427009864768,1.3774289056909512,1.2336866320216653,9096.39112503931,2.5743541638422975,0.41716811425881106,651.0713943626046,2342.310338748971
44,1,90.0,240.0,False,2.221868754683122,0.6742258056609671,1.4572035601964117,0.28759343288302164,2.0882706527929655,0.8643325393885956,2.0438965680772414,1.5623354392111954,1.8355776001070363,0.839526243297027,1.057436478889635,9496.7757044102,1.9622842705948405,0.8180220747163827,679.6063055593356,2445.4428694427347
45,1,90.0,270.0,False,2.404297126433819,0.744763749158319,1.1064052132468967,0.5186787235689614,2.2706557888350742,0.6666096211868123,2.640026196362812,1.1368367495947953,2.175877043049028,0.7444331072990531,0.6453541093395321,11971.865921630239,1.9357584477637297,0.8117199845778461,856.4048098207611,3082.874315953576
46,1,90.0,300.0,False,2.1111144342541532,0.967187745818813,1.0434543308812292,1.2992231573541173,1.4716426279734804,0.7340948392886493,2.9046098070047357,0.8636034386627507,2.299007892859956,0.882439443185181,0.4378392890777846,32159.825784699882,1.4359866552586453,0.4683530029923581,2298.338881526035,8282.086350737653
47,1,90.0,330.0,False,1.7674989675606136,0.8564468291960375,0.13358172784432348,0.7256943149951942,0.5508703814961919,0.6056468102439402,2.8569170772467607,1.1663971366598487,2.4933804987436963,0.2747056565339677,0.6390523296398666,130583.39064079491,1.954409640240304,0.4468125013402492,9328.418718190474,33630.07836915271
48,1,120.0,0.0,False,2.246053089279071,1.19317243681088,0.9379344162041857,0.733426948587244,0.3688974835864338,1.20004340188562,2.5157756284798727,1.1581487188921118,2.1126722732380427,0.8839101867244052,0.5036498514770484,110563.90884963988,2.49543246526342,0.24480928630719698,7898.607341130472,28474.231455850157
49,1,120.0,30.0,False,2.2647593933878913,1.1417514857930255,0.8491357702832367,0.7265977386335759,0.9270091062876448,1.4265339377680126,2.620405367847063,0.853454841287923,2.2519003639462714,0.9862794774161864,0.9315575809863288,101514.42498908067,2.8506817817549766,0.7003462553150329,7252.353957298669,26143.59465891609
50,1,120.0,60.0,False,2.1034825084766315,0.9798507742659253,0.655597894521079,0.5140322902095164,0.850627340537017,1.421069322484294,2.7856504194652256,0.5873014004725777,2.2302308208039756,0.5718694289986754,1.3689823678531892,192011.3707944171,3.1579406355367383,1.2522609773195668,13716.41783504272,49450.12270303773
51,1,120.0,90.0,False,2.2503621640457294,0.9468902580320107,0.37875096015538645,0.3292995506789095,0.9327717807506376,1.469583275894669,2.673268428697355,0.4835881891542627,2.248133371920874,11.286888219491274,1.2301479219871774,254552.97689133382,3.1652266683389163,1.0159498078770932,18184.384839423634,65556.85225056781
52,1,120.0,120.0,True,2.3410356802838894,0.6389671297268171,0.3057063205248158,0.29299562861345824,1.2943290635877551,1.4569415514196176,2.817622484924258,0.38033109387526276,1.9262447035583579,149.47809525833753,1.4069923674678066,85649.5051702814,3.0827019708406764,1.1154223990719903,6129.7173254238305,22054.853743640968
53,1,120.0,150.0,False,2.2546145965337288,0.624833699923788,0.32155115276575763,0.5545446914304719,1.5250630815874207,1.7127297181735779,2.7387077610770874,0.47989572342218867,1.8379693082662891,1.175554883346721,1.2755718102339593,33437.0741575648,3.0721076333778283,1.1095114871312537,2389.6969152222905,8610.99316196815
54,1,120.0,180.0,False,2.6996551833018128,0.5762140649491947,0.5423819859689467,0.7626136988165315,1.4034869833995836,1.4730815521802776,3.1357688734346634,0.6764205582817441,1.2716133395986176,1.396561059207826,0.914291070609196,27953.427701223613,2.946372551670875,0.4376170655766525,1997.9759842293295,7198.7471329586315
55,1,120.0,210.0,False,2.507991509197014,0.5227200728557574,0.9949374834619561,0.7808002756287405,1.6036284697534775,1.4131112588609143,2.926437151266147,1.0333873160007896,1.3712870195244733,0.6755910510247902,0.774428888888435,35232.39718387078,2.6770330009080006,1.3125681202705415,2517.927936106316,9073.361285461855
56,1,120.0,240.0,False,2.404290107022187,0.6952888786375914,1.0913080661210346,0.5979914961290859,1.6746522111205249,0.9411385693501135,2.673149186005438,1.062090250514745,1.6624572062182785,0.6920342872142426,0.9298088305588719,39438.797958396026,2.2026385056167266,1.1783263572296092,2818.3287951676975,10156.690735525808
57,1,120.0,270.0,False,2.2787495857522715,0.8217613738534875,1.200164795325525,0.7799428101422823,0.8786454338302592,0.9792742915965281,2.8995622955255977,0.9999517099528313,1.7781327290236228,0.9723484065325585,1.0245952595238221,42298.39117958119,1.5138937531816214,0.7829808523204809,3022.5215130626966,10893.166322256815
58,1,120.0,300.0,False,2.1640277550456224,1.262446931191428,0.5192273144563146,1.4742931156953278,0.4918438247042627,0.8769635346953684,2.7937357334540254,0.7152902859122092,1.6571187497020816,0.5658744768031305,0.6780996209447872,323874.1074954547,1.5175612485675922,0.2282917888193085,23134.932304988197,83410.0397482721
59,1,120.0,330.0,False,2.29323733337152,1.2943218701951196,0.3699145695629476,0.3347053776772662,0.19099872728554745,0.9306154828458224,2.863030272949497,1.5361419893345007,1.718503614517676,0.3257043052559018,0.851988853375413,220873.07136800594,1.8066710712116663,0.300341091313545,15777.706253040347,56883.21964266339
60,1,150.0,0.0,False,2.2556254045153796,1.4286322740483532,0.6203368742663653,0.8345970949702924,1.1389352842146918,1.509519719009857,2.683995889758062,0.5764468556238307,1.5257541950753088,0.5827666311318684,0.6665901614156872,181677.0158904029,2.6699758787554275,0.16562305506129066,12978.11962069434,46788.65543818534
61,1,150.0,30.0,False,2.401673302764295,1.3935559428182303,0.9746856834945824,1.0512035722991673,1.4093504703500896,1.515544727789632,2.9118063249783424,0.7935692558157637,1.6440928472704202,0.5101319315897539,1.5288003719559267,88762.65917483816,2.960821028062278,1.5887272716852299,6341.667366969216,22859.470175134575
62,1,150.0,60.0,False,2.248846977422043,1.353375641117628,0.6785760387793298,0.7894557329084162,1.2683906061457217,1.6337064493801914,2.7407613693079558,0.447399461668327,1.8976391038706266,0.8201581395740865,1.7663191736560895,42981.19339972678,3.0615376675416472,1.4143811352402844,3071.5224248016707,11068.951185021171
63,1,150.0,90.0,False,2.208192727488365,1.4132740017392276,0.44985312601664057,0.3713860027144459,1.4108459235099586,1.3347749860736051,3.01324768371567,0.4192263037940547,1.6001375072876236,0.9213496593326187,1.7111433479396139,37363.772158204476,2.84941891756292,1.480227422789275,2670.21108827246,9622.262598474534
64,1,150.0,120.0,False,2.392849578547173,0.8489228402075955,0.3217296680140986,0.3668973420099409,1.3276354919664244,1.5931828108167885,2.84202339770012,0.3580209526366766,1.4799990142461286,0.8830059387575557,1.6982759665476423,58056.3288122035,2.903033155560007,1.4367483929111287,4148.198652625245,14951.42521114969
65,1,150.0,150.0,True,2.590742892040612,0.6857006766373388,0.2535565946569091,0.5218278718475982,1.3865678716590026,1.6233722391189511,2.7820583798404295,0.36107259342005393,1.2939041547579335,0.9525861935144244,1.2653295582943662,42692.1302718146,2.7781199594037584,1.0987414296982332,3050.6945608735355,10994.556113783547
66,1,150.0,180.0,False,2.6582421984136557,0.5781080885933049,0.3382649814066969,0.601399466641165,1.1585013461452762,1.4223372943613932,2.502981606000729,0.3845843917625906,0.8333416745581232,10.923530229220233,1.1309500616487633,58650.10357974653,2.4323696195206823,0.7594474599666028,4191.130545583198,15104.201737686075
67,1,150.0,210.0,False,2.4545771873861457,0.64253377578955,0.5129183732599545,0.717387848760118,1.3828882755912746,1.3438591730363245,2.4254826433401653,0.5056728333182018,0.8227540256027572,37.865738666635735,1.1695587090082864,68924.10287605868,2.3502419574826368,1.1236949620905008,4926.958584606427,17749.61674528971
68,1,150.0,240.0,False,2.5106126904222275,0.7295481132180663,1.7219261726489252,0.5001943128267605,1.0568304512895002,0.7031211033329046,2.4454090814202165,0.6206170726902731,0.9119642361260969,0.7838443898575701,1.4065677121505058,54006.98593162602,2.102268071140897,0.8755668965712845,3858.811028709265,13908.601244971165
69,1,150.0,270.0,False,2.242578357847326,0.8923966139696318,1.5197799031142352,0.9030171367493367,0.7222570302520426,0.816065616250262,2.51802155608895,0.6370001868456834,0.7659798908943655,0.7339355641169165,1.5802513093363117,452425.46904396033,1.9261013319316498,0.4115857988386176,32317.22414387547,116517.06294264282
70,1,150.0,300.0,False,1.9050681045454243,1.2873061089252502,0.6939751990543679,0.8609111305834436,0.5693806218843009,1.057582460861124,2.53230441147962,1.4148522511601378,0.9938746601598605,0.30539429503906557,1.387191825302827,777156.6757305136,2.084537610125208,0.3341338453479761,55512.29301735987,200148.1403488958
71,1,150.0,330.0,False,1.9612479314008606,1.3138105804760012,0.7698294285077958,0.9475252888458894,0.4678926353431705,1.3533662530489319,2.306026157742605,1.7074452451308824,1.1758226281055069,0.12441250958741415,0.9543013055722359,431030.0818724823,2.20549556566327,0.04298087857948229,30788.95800206359,111006.91497623682
72,1,180.0,0.0,False,1.8632551883203128,1.5673115209896111,0.6179120298537394,1.357124800844349,1.0042267270568268,1.2838355673893789,2.2489445766164744,0.4780457243512409,1.135715409715937,0.6264083023131799,1.2223354219787033,577452.5955495804,2.188433636076505,0.46657400186701636,41247.761119463416,148716.46343871686
73,1,180.0,30.0,False,2.03754591928348,1.5524979380380544,0.6784450363335948,1.4260082906106253,1.3591904175118612,1.2753215719408286,2.5477365531111005,0.6200572251835663,1.3373281888450288,1.3286172749928213,2.01555144601033,212065.89591000695,2.4708058390446097,1.1455340450756495,15148.977896410925,54614.92653391484
74,1,180.0,60.0,False,2.233361747785466,1.1444427435227393,0.3768778097488186,1.016455410945977,1.8299950886470522,1.3443564242479433,2.741111205742003,0.8261412131091616,1.2536606054539852,1.3972619310185017,1.85860552037284,64168.29462875509,2.7181584591725976,1.2066993142100533,4584.874411159219,16525.467456291863
75,1,180.0,90.0,False,2.4315524728632996,1.3118684401381975,0.4543003814628721,0.5984566931806667,1.7414999889666642,1.3461707528161013,2.6695566208862442,0.748694599672005,0.9443564536579627,1.3227944647295242,1.7765026328180593,11456.200201607759,2.553357544951883,1.3533293821863888,819.6751887168633,2950.0413329803646
76,1,180.0,120.0,False,2.4804117401299375,0.8370480468785262,0.5789785224368994,0.34683133763779544,1.1215119029795702,1.3287790165685947,2.653117930814795,0.6056110962649937,0.7457973322826101,0.9698625333197102,1.6198995467200528,35860.08198530377,2.479224817124798,1.3585205812935999,2562.6576842648724,9235.043924984488
77,1,180.0,150.0,False,2.8681347698027237,0.3206628526320941,0.4319697842472754,0.3472324231799773,1.1412793548246605,1.2234199303991782,2.4497839711957363,0.4145131050886392,0.526626218142114,0.685991972055962,1.344067540601412,50122.31079776898,2.2561358576130104,0.9974686237446491,3581.237006012322,12908.171407100337
78,1,180.0,180.0,True,2.630933529245877,0.5048933397975817,0.31374626152672325,0.327788682103688,1.0753501665005292,1.127119625085529,2.274316173777176,0.3436636939027018,0.32715365905787686,0.2556832687930689,1.3846571851079257,74307.36742903804,2.1534993374323212,0.6493378365378237,5308.623969414066,19136.80828404111
79,1,180.0,210.0,False,2.7994134678878413,0.4188500549485278,1.615997668988867,0.47580567466069384,1.2554984515431562,0.5478514639707438,1.9149405809010176,0.39171851852386896,0.20363072221433992,0.3488827342212887,1.6307667650149293,94674.68931425168,1.7806358817659012,0.8871934476009946,6763.4971785488515,24382.17777525502
80,1,180.0,240.0,False,2.368217630361131,0.5757109304901044,2.053769221959911,0.6245127907838562,1.7176253964426198,0.29300619593499344,1.8882060400579865,0.5231351280869143,0.13349237845361733,0.35949655467446784,1.9294962533257247,379625.63676607586,1.62735012575866,0.6487134678917881,27117.169964156434,97768.25785583162
81,1,180.0,270.0,False,2.132554961411688,1.1955035263815317,1.4835687518178235,0.8477202996261115,1.352054761791556,0.3614468615524995,1.9071943673715177,0.3117600274388731,0.15808288182150576,0.41469883398337076,1.858567861362851,1382843.726604074,1.55992262517283,0.18559890432680412,98775.53537705271,356136.4388207162
82,1,180.0,300.0,False,1.7213285263446805,1.1592150770908356,0.6672637060101734,1.0925254423487658,1.0860351193118014,0.7866823972725235,1.8318828817911137,1.189310955130451,0.32669193925959017,0.10403860883309428,1.7177277269516544,1732116.9792536022,1.655286695287509,0.21830939323848342,123723.60968229079,446088.05885462085
83,1,180.0,330.0,False,1.6580814834901196,1.3721047914995705,0.4308151523221978,1.1686991054946767,0.823462566730949,1.1659930614803715,1.9877306075742627,1.665730167063557,0.8577063569859507,0.29071551595853584,0.9865022117922461,1074846.9707640752,1.6722603733804164,0.31603049296314367,76775.81189971157,276815.13383487886
84,1,210.0,0.0,False,1.7105699434211092,1.435664009372687,0.20145634727254966,1.5557408996303006,1.0663180343144398,0.6874228489923648,1.9910931333793687,0.9538595294174617,0.7445028690411185,0.9091920867449925,1.575734616939359,1314760.0071143587,1.361355689771528,0.5238689203222833,93912.48027809196,338602.18134892563
85,1,210.0,30.0,False,1.9254208184314872,1.0643191782217878,0.1949803362566646,1.1754170742347352,1.6618229290356195,0.6221484166758722,2.218377159923979,1.1537664505613061,0.9660025654079403,1.0500713596230704,1.44515871154962,726761.8240483038,2.0169357964469157,0.366138645550831,51912.69175769612,187169.47305289755
86,1,210.0,60.0,False,2.254002358616704,1.6727859862858852,0.39177466175395737,0.680082515084592,1.994221615620384,0.8215856102587311,2.3221291473730137,1.222566341973009,0.7964004690969734,1.061251071093229,2.1065231793481463,324774.61271852907,1.8101927029405793,0.8983337311465396,23199.47461199426,83641.89414443747
87,1,210.0,90.0,False,2.517980660748197,0.8487456731179739,0.8034264023580742,0.540084157121025,1.89324292695829,0.8713348754414453,2.29699757833355,1.166954132324831,0.9843491950579907,0.813021012125032,2.152560116560935,134069.77504257,1.5630411156138293,1.0820230920598828,9577.664914536272,34527.89896364353
88,1,210.0,120.0,False,2.6326742746380725,0.8584615719906141,1.0434508633019322,0.32687320948413046,1.5475772058085622,0.9700165861338224,2.3506280002324056,1.1106945306607234,0.8882381002982078,0.6022554495572662,1.6969857921497393,42907.54395115332,1.936135606369511,0.7854600475244808,3066.020957313676,11050.05032996339
89,1,210.0,150.0,False,2.561277376063815,0.5242820679521678,1.072486101364589,0.2682881944717018,1.3367190210722169,1.0721183149186646,2.0280972259230823,0.9085099121956333,0.5252123725479871,0.4008849404895831,1.765113242141474,74607.97681827538,1.7653163766221152,0.513019145947422,5330.1941530405065,19214.19983065458
90,1,210.0,180.0,False,2.6220391823676703,0.33234064195804053,1.0381239190698173,0.5268895226319384,1.4013302775967464,0.5068767408190371,1.7614705404890527,0.6245947529168866,0.1707287029615051,0.35227617451767057,1.7580902619420726,122216.29910367425,1.5587919983409897,0.5723366881224279,8730.680356648427,31475.247501347516
91,1,210.0,210.0,True,2.4288899874092635,0.4783339704552952,0.9288497040859377,0.6419795982564833,1.3550851821093663,0.10988198912602266,1.4180900438939341,0.5394303971096259,0.30543777425656443,0.2629300194960612,2.140785940805956,686545.5229795702,1.2478934338240446,0.6344722771499798,49039.85821713486,176812.2586704724
92,1,210.0,240.0,False,2.2943131373050027,0.8039599934490862,0.6500012395099402,0.6193945116750823,1.8110628277704057,0.14103893802162862,1.0695688320133625,0.3693034588023428,0.2114259618187848,0.32118167969181977,2.1671957652430534,1987472.178179801,1.02970791375768,0.4855453034977012,141963.1537056688,511852.1090060633
93,1,210.0,270.0,False,2.2064764708276776,1.244934612836901,0.6476599628848381,0.8130388699945955,1.9979939355792062,0.9065025459203782,1.069404780075256,0.3486643703922696,0.2444512970545433,0.15356098099208104,1.8159253696344662,2264376.265867831,1.1459696332040394,0.32102888991256123,161742.08439139646,583165.7965277656
94,1,210.0,300.0,False,1.7461128134346213,1.3123978769754163,0.2985998245832567,1.4526460944282413,1.5765946783328686,0.12908714132131716,1.232059513644856,0.5355343771021307,0.4319346262311882,0.34945787281709906,1.2249147145137673,2851140.0366225457,1.2528837016703718,0.34826867116248145,203653.7090796037,734280.5926960304
95,1,210.0,330.0,False,1.661276162958457,1.4717190278102037,0.3409524279298103,1.449811027785382,0.8710011878607498,0.5441060970533025,1.7441443976345141,0.5794201110687449,0.5749564039060195,0.40258806552551707,1.3661795481423666,2214561.0492595388,1.4216171857585287,0.3794514017034034,158183.84689161312,570336.4188335062
96,1,240.0,0.0,False,1.7241467556623287,1.206384036579271,0.20133828874126597,0.6464022656307484,1.4510087045273137,0.17103537410316313,1.6212966768698123,0.6013243340483976,0.3842756811275185,0.5163287133858604,1.3636409946201131,1612498.9563238048,1.0187274023977864,0.34567430162214247,115179.30056480959,415281.75343102205
97,1,240.0,30.0,False,1.8043720083356574,0.654230744570589,0.34502979296575087,0.5083473148917601,1.7851756184176146,0.4537400931662381,1.7039852455562388,1.200752603613008,0.5814155342545303,0.4447077262305906,1.8146372255482575,1299871.0717819151,0.9514779976738885,0.5644826610493128,92848.84886689154,334767.73195003864
98,1,240.0,60.0,False,2.046173680109268,1.0950844360139476,0.7376460037869245,0.25443166049532606,1.9719398612764614,0.3362543171496379,1.861833475237879,1.1583154113437435,0.8716380636494565,0.4836971360881885,2.2717083635986413,510487.2419460765,1.0803371458088866,0.33004783091841905,36464.41007524729,131470.27892864117
99,1,240.0,90.0,False,2.139313441301492,0.7925938051244275,1.3066607992724388,0.8321924158901404,1.965262791720299,0.637116808708882,1.711687765971171,1.4196353987746744,1.4746791319252828,0.6924981029819042,1.9131233277419366,393261.5283851674,1.4329594252706976,0.3717856469545944,28091.301278144932,101279.99831731296
100,1,240.0,120.0,False,2.105696614453054,1.094328069779771,1.5950471915798776,0.4822572791051829,1.6179934219925776,0.65559535539341,1.783359118835453,1.3162140373406004,1.5401896648273263,0.8896613511977005,1.9042032196459546,520496.8306114165,1.014206697943852,0.33353698278984584,37179.511635744384,134048.10583843547
101,1,240.0,150.0,False,2.209094199154446,1.0113973271946883,1.7148769571455567,0.48824015947196253,1.599250048601362,0.6673808838050268,1.5091134437658933,1.226228963944422,0.8083322988524121,1.2595556041423333,1.981165813622285,646323.9179420534,1.1931398503046826,0.409245723504444,46167.14249738049,166453.54055333283
102,1,240.0,180.0,False,2.207843103946443,0.6143059812413549,1.609160305271951,0.5260556294717798,1.5937285009855802,0.25528679075822563,1.2217812008378865,1.0299535367967363,0.24165497495719457,0.606684644209698,2.250945263785351,1225860.2739330046,0.9889257537671934,0.33066222963287273,87562.41078006572,315707.02402751293
103,1,240.0,210.0,False,2.308300601481891,0.6989375824203006,0.9226748666188584,0.465432407121035,1.4993613469769642,0.10725300092042032,0.7021662149167186,0.7126517346139121,0.19260320942793324,0.39177803239333486,2.3088304852975057,1817364.7369847181,0.7507395726011505,0.39577909810694983,129812.58524949079,468042.7548543991
104,1,240.0,240.0,True,2.1289012431745467,0.6051173289748509,0.7387509664387302,0.6347120303830311,1.4043959351585018,0.2194347519355574,0.55104121154365,0.432576654210918,0.30654702959051705,0.21001485764826247,1.8678372405790906,2455023.1985608237,0.5778892911540736,0.3410634311780685,175359.51548877108,632264.9461640643
105,1,240.0,270.0,False,1.8478285298026944,0.6951849000244474,0.5145680159851984,0.9398136808695866,1.4421162021932394,0.6197336695454726,0.5879091199299509,0.5748817825858334,0.2897375881688333,0.35375162439228136,1.6356233124285366,2410722.9272427754,0.5890449762792351,0.23988616909209207,172195.23266588192,620855.8757188941
106,1,240.0,300.0,False,1.9319332739132058,0.8390538214966452,0.2216119969814747,0.8651068507033649,0.9258103996834459,0.4430902715172996,0.6825612863472807,0.2051769394717616,0.2373483755929806,0.34950385596472167,1.8280402336814563,3201091.5661611594,0.7028053255878175,0.307653409525111,228650.07898979998,824406.9381011515
107,1,240.0,330.0,False,1.754204580771803,1.1726421585564737,0.18397441056426378,0.7941342074622477,0.9007322349905598,0.20080632694796252,1.2929665585938146,0.3066733613234275,0.3931294457234398,0.5458518628981848,1.572171756355588,2593205.279217563,0.8282859803609395,0.3578810003091291,185229.684476532,667852.2674543832
108,1,270.0,0.0,False,1.1605156461866937,2.113812875917562,0.1759803642899218,0.3951159523068085,1.1139926137792922,0.43455884616356955,1.00287205839477,0.5410935992327099,0.6783536304939592,0.2541449560363111,1.4333842635429082,1337632.742768874,0.7000610764471908,0.7314378549402436,95545.96272090085,344492.89031104656
109,1,270.0,30.0,False,1.4454618766823804,1.7078478817205123,0.6156151531157129,0.3722489914754609,1.4171822499332192,0.3482221367500252,1.2142831158059637,0.8168572211568581,1.2661729966114188,0.1842646622840305,1.7690114053596253,1024484.6370502891,1.4797382441634233,0.6091310387214166,73178.42022051879,263844.8725733677
110,1,270.0,60.0,False,1.5641221359575206,1.0645981728416238,0.8507727437617256,0.6997687611787915,1.6818793236586296,0.5653470011171402,1.2895615937158587,0.9993992846104396,1.5812039498475676,0.4423341666867277,1.6626592675916927,781108.635287308,2.05635482452219,0.5230313760640242,55794.544022850685,201165.93437524533
111,1,270.0,90.0,False,1.5968238957541563,1.472478183037064,1.2858042403464913,0.9480020291278802,1.654835176716733,0.5621119723029231,1.3461995215612599,1.490385915737375,1.9464416425270181,0.7017050652305481,1.8514476051522784,642628.9241301485,1.906084923365498,0.22255701839649578,45903.27921480984,165501.9161643502
112,1,270.0,120.0,False,1.6841636866371554,1.4112985525721158,1.264996063302819,0.8965646295075317,1.4876423443856566,1.0003286544816188,1.8577614851369262,0.4947824429016284,1.8931230965068464,1.8145728682480209,1.742432128595578,822292.9309272243,0.6683492709980222,0.34562250082182405,58736.39232606774,211772.48089615305
113,1,270.0,150.0,False,1.5314452712038926,1.3350340595108892,1.1354704855878985,0.49111230178502363,1.387901600571323,0.8901071391592109,1.8078117251527992,1.0960278350746055,1.1393995350733646,1.600065758393743,1.9776300972558012,1223105.0353722312,0.5622740302429134,0.0780514098236164,87365.71912167715,314997.41079284804
114,1,270.0,180.0,False,1.5434175933122676,1.0330838411517722,0.961818406089975,0.559463343177379,1.5261168361063941,0.2553855399523303,1.397014384382725,0.9884909682484224,0.2840699461325009,0.6419983759453086,2.186097265238911,1767586.3961056822,0.6060440095331208,0.3332251404371743,126257.05088080942,455222.854933553
115,1,270.0,210.0,False,1.6429703570887053,0.5056456493292427,0.8009297116042708,0.6690884733150679,1.1840711251639928,0.20227821091168427,0.8306770803853385,0.7336584264906607,0.2705603047214038,0.3381773652248021,1.5821814174548032,2242024.3362148623,0.48937768381206104,0.14150406076455074,160145.26623819492,577409.3643168057
116,1,270.0,240.0,False,1.741243779678751,0.3909675045200768,0.5851522606032783,0.7152443181126764,0.8654543214309137,0.2646507832006344,0.543851092283329,0.844626661527798,0.24897182687875669,0.2678919366369712,1.6441335567580715,2169948.039714331,0.33097779597009447,55.329176208442476,155000.84371831265,558845.8026774442
117,1,270.0,270.0,True,1.7941128156692348,0.33363638418060376,0.37413065344812185,0.37766974158657174,0.812967258996108,0.21995085890481003,0.531483405205929,0.10246527982513462,0.2929180630915743,0.18038143567933732,1.3655284465881825,2650179.395998457,0.23144762293899834,0.10852612527662964,189299.00865832486,682525.4168723612
118,1,270.0,300.0,False,1.452713689949384,0.3666265293167531,0.3000660336782333,0.291138977648321,0.7645824744149612,0.3461710342857818,0.2669495787734276,0.08712893094965218,0.3212679171057315,0.44042880661821576,1.470149952214802,2463681.639009509,0.250916433682682,0.21747746180091254,175977.7296162378,634494.9037229732
119,1,270.0,330.0,False,1.1180751771613475,1.3596056058060948,0.37477798542828045,0.37470052804934617,0.858666153946668,0.46348565651465545,0.7116768484353166,0.19047702734157884,0.4119730619244252,0.26592309759044236,1.563997729247527,1753079.3826073115,0.3807765005562629,0.4577413812422717,125220.56532029032,451486.8026882232
120,1,300.0,0.0,False,0.6564026341365367,1.9766177516119954,0.5016091244580333,0.09621848126852406,0.7292952479858437,0.2982599587485967,0.43124724982296603,0.5042329028062152,1.1626821777652634,0.08993256018410622,279.9969217542981,785343.3185440196,1.3514508357049504,0.43206366851539935,56116.538962740495,202251.13158024388
121,1,300.0,30.0,False,0.8543507412600614,1.7601013520514734,0.6633135602736489,0.22178487304653066,0.9032282686652764,0.4613432177150363,0.7860493190485507,0.6733229760438675,1.6638882154924282,0.1774332800837824,0.8935139919856956,572150.2054141526,2.4589438660264102,0.467693774312341,40868.72788439919,147350.96991955987
122,1,300.0,60.0,False,0.9032709058274351,1.7363650732908193,0.9149047728262798,0.6854330944787796,1.3302851350911582,0.275590032074869,1.051438356447102,0.7097059356142075,2.0743754601109963,0.37403456715950834,0.7069857421471588,572574.2012846961,2.2111249292414197,0.35031846624791557,40899.10893694047,147460.1390278681
123,1,300.0,90.0,False,0.9814998972740444,1.679770568616771,0.761281201901078,1.2252738513234038,1.2217279730339463,0.7679717457308668,1.6389612389266313,0.9826653506893047,2.306555939233249,1.4265408471959948,0.7619390620707003,641379.7835041017,1.6846156640732484,0.5145355625234898,45813.98120307173,165180.23370137045
124,1,300.0,120.0,False,0.9026771983539136,1.99402436968489,1.1097841096603829,0.5902514105726153,0.8680080108080086,1.114872443021862,1.9736688864139518,0.7113100382010481,2.346753886723671,1.6902232641784596,1.2817123402525459,636077.4620601139,1.479921825175812,0.5533377607365989,45435.29132897556,163814.66400260807
125,1,300.0,150.0,False,1.1044825790824526,1.4863384974525458,0.7245664717032323,0.7623781183374898,0.8669595238278034,1.253495238462921,2.044069147853574,0.9447999909470085,1.4823052716428677,0.7851325419594455,1.8024967365374045,902018.2675290401,0.5167316433204517,0.3673231922048327,64430.88632914239,232304.9423541425
126,1,300.0,180.0,False,1.1181129896342599,0.865917124404881,0.48973147964111763,0.6407503904849514,0.5703675824653913,0.9577690330586294,1.6601971304020466,0.5863107208130407,0.9506966167536889,0.5022235854901196,2.1770029762767145,1533820.960898211,0.7527881159976985,0.4352076760291793,109559.4762838309,395019.0624960968
127,1,300.0,210.0,False,1.2095210202580389,0.631426473626342,0.15641165226783227,0.9707645484955537,0.3817734403233526,0.30391964850337844,1.0178369361009292,0.7550675685532223,0.564709378420091,0.8058356865529541,2.00469881361048,1723935.642639841,0.7343310758516315,0.1824732909608532,123138.95438638389,443981.1185456834
128,1,300.0,240.0,False,1.5188493255853146,0.515896741185228,0.19604217852727387,0.7761896343323158,0.2938844145472949,0.2823393774257407,0.5832936694016885,0.48480183429100654,0.3986536772967576,0.42644439759721553,1.1829825260029703,1643095.7593357274,0.6706987484800445,0.10379612955038221,117364.51380059868,423161.7106428104
129,1,300.0,270.0,False,1.244406091673473,0.25938685797600664,0.32575335103001796,0.48634446737696124,0.6328542978904128,0.2486745097083013,0.35968670762812555,0.1502364547616426,0.49373118085029216,0.36627582812860493,1.119788315338552,1756939.7034806702,0.35324746278277985,0.1569985283938649,125496.1357760517,452481.03356818034
130,1,300.0,300.0,True,1.0056108600845124,0.21043567505088961,0.47743345437151996,0.31831367894488266,0.5181192533957535,0.2789200004698562,0.25757058278334044,0.122112593242619,0.6280804933649335,0.2771502008974138,1.0356486012199113,1799903.9921082775,0.5428738904120027,0.19773834676364668,128564.99015113633,463546.0361723324
131,1,300.0,330.0,False,0.6110584104622039,1.0603147846689642,0.46801601155420075,0.3182727184774047,0.4353356729766964,0.187988203556644,0.29344119026064874,0.2812316481236753,0.8062984222119477,0.18470597767304237,0.9722404545972876,1019892.2124238068,0.8061826612134135,0.41182471631154727,72849.9320953342,262662.2693660404
132,1,330.0,0.0,False,0.45262329275509916,1.7215913577108726,0.24107821046115285,0.04775925948180431,0.2182305233856537,0.21385840752318902,0.806310243310175,0.44940879029063174,1.7752365993492814,0.11409382127943211,873.7683101056642,543434.7855626547,2.988963991822066,0.4931975714142528,38879.8625874878,139938.53692644532
133,1,330.0,30.0,False,0.7229346853247707,1.6219631174775597,0.41262398066366524,0.23969593261361816,0.5087352477190662,0.1304061139671366,1.403171145957926,0.6513987611067327,2.260292793746269,0.16412156105672598,317.3189688824192,529005.5339062135,2.6072254032879405,0.4601018299463523,37809.573967547774,136233.2719068963
134,1,330.0,60.0,False,0.9342194467797976,1.6871563457839538,0.45624749126006675,0.3678267659722503,0.739253195175125,0.4517229715642196,1.8838925004010478,0.5497399606481571,2.2603985597626908,0.4838760958611671,0.4438257078195948,348477.3836284912,2.307532631009017,0.7738394112492171,24892.194511398182,89746.38395197772
135,1,330.0,90.0,False,1.0801350044400895,1.709562538116841,0.40714725438058424,0.6913993165080139,0.4393892913567724,0.9257628504426603,2.051538355394885,0.3961119676926136,2.7984259695259417,0.5012847408997831,0.6718409050247357,211029.47164636373,2.211946259829639,0.6076809976279436,15074.568847986784,54348.111521896164
136,1,330.0,120.0,False,1.150163429465327,1.6677169034643404,0.5114823411247926,0.5415082901268387,0.5565562177624415,1.3210445263531045,2.2736986355743376,0.20675147732006197,2.7838821824498092,0.5725605417765036,0.30886107621403885,270408.518263267,1.84002068680636,0.2930127588895458,19315.89610873817,69640.56339423823
137,1,330.0,150.0,False,1.1190978612820082,1.5102156660744255,0.5645653149814235,0.45750637920612536,0.43405351030586203,1.4458294925545592,2.1758202258103547,1.0241282291623997,2.0294241009871326,0.28820884142902814,0.9914913182812068,359301.05278263794,1.2035459098872394,0.5865129080537308,25665.34879874257,92533.89523549758
138,1,330.0,180.0,False,0.8976780418009662,1.2756923148921309,0.4748654399174785,0.7967399482540628,0.9007233700247115,1.0865933434430177,1.5499141194924926,0.9837223282096543,1.3894368051971866,0.26045898575896376,1.36096542932967,641662.7676973399,1.404931317167049,0.16407949579056502,45833.9509641628,165253.18077978824
139,1,330.0,210.0,False,1.1312243121150993,0.9872354136053896,0.1307955374403644,1.0549158559416327,0.8264435480289352,0.781495893036215,1.244978882306322,0.8863109757506967,0.9518909630710038,0.6472003694834758,0.9940749506115244,902647.1523352603,1.3709830743848401,0.3059873294720921,64475.60470516897,232466.9609706312
140,1,330.0,240.0,False,1.047815987118034,0.6576926156189709,0.19006506474431745,1.0788594638717297,0.79579709771259,0.39167167858277985,0.9641460824166079,0.48823834957935835,0.6774250483080675,0.9544275872902794,1.0856214426199513,1053753.743778176,1.1571196067342298,0.09331734319848055,75268.80899825311,271382.89266312664
141,1,330.0,270.0,False,0.7241941630776015,0.39592825797179215,0.2347027535228659,0.8044805626816929,0.5658260435134939,0.35221326312072715,0.5547610691869985,0.4741961388573507,0.8167690343224674,0.38274858704441495,0.9168935707136596,817327.0021209078,0.9094488072854099,0.5386833657292359,58381.04806903748,210493.73481856086
142,1,330.0,300.0,False,0.7831369785299436,0.7557707238616975,0.3997314458392795,0.5134069476815195,0.33197159676764015,0.41512636030472283,0.4602760219062185,0.4352988824303161,0.9152832777981356,0.23483686905322754,0.8069621458526557,831852.7539910633,1.091636895165791,0.6720857172146761,59418.61210820899,214234.68503687304
143,1,330.0,330.0,True,0.39029805736820866,1.3500314621758687,0.22243984457207439,0.295430110414578,0.3286573380444402,0.46889511389390204,0.5788247602369139,0.42356591517235437,1.1879377593413953,0.16680439166117633,0.6221947947289785,610019.6237817139,2.2828180011608703,0.6684199128094599,43573.472149941095,157103.8957315459
144,2,0.0,0.0,True,0.961064353984388,1.509135737690594,0.14678133319893716,1052.1250771740315,0.7233215435242775,0.20098460882870411,1.5335502225901043,0.8774618362341512,2.410749485988438,0.24796141170149427,0.29116112720355714,0.4859234065924223,2.7525516044345304,0.2804234012730904,76.0390105176626,270.71873907221067
145,2,0.0,30.0,False,1.5351566856302785,0.896644243958564,0.3897261123573915,64.71649755883612,0.995317687568915,0.10724156963720242,2.2976076975352475,1.3214048893215564,3.043103968284585,0.5076497012949481,0.2721088191940977,0.7280276388836966,2.392601295839137,0.22818707039769454,5.673662495624248,16.398600793699654
146,2,0.0,60.0,False,1.9050262620733864,0.5502706054415581,0.38754927661200583,0.6057202931144101,1.1784297579904455,0.32499112740984093,2.7996953588028055,1.3588507831068735,3.044384973014254,0.38723330910621845,0.5922203501721186,0.5785953252713631,2.0099609884415246,0.17258698821857069,1.135393957055384,0.9162767868876867
147,2,0.0,90.0,False,1.901116398739915,0.7155431653853525,59.53807895306635,0.7681238035370224,0.4544435209010479,0.6496624792177594,2.790570138410038,1.2285719686671683,2.7157755148714093,0.47233226548182244,0.6838706188021506,1.306146773514419,1.4882576313287814,0.2618063891710355,5.355307115792448,15.04747164843415
148,2,0.0,120.0,False,2.199054175323727,1.2093643850922111,0.705520418266407,0.4796994981134244,0.43917368868576967,1.262821809001621,2.7731611551957505,0.7935305772963225,2.1618790865391997,0.9892167107764005,0.5596490717692526,2.160747647960333,1.750877538716468,0.9048634962939435,1.3135399470736304,0.7317891941291972
149,2,0.0,150.0,False,2.1264810583135945,1.389134911719971,0.7466860540632423,0.8974823948647893,0.6875638494003846,1.2419423055665997,2.627351380026811,0.9552620273732981,1.4911428416902925,0.7046683135224558,0.7330756371893632,2.469441154248116,2.1069662795432214,1.5467004481302173,1.4088499039751683,0.6570756709013974
150,2,0.0,180.0,False,2.152462895642289,1.6198007728888206,0.5462714949577332,1.4011080119577546,0.7604399843226014,1.108370299060566,2.410928447177974,1.1205699310650932,1.0980620625963948,0.6358786748604272,0.9753176533920712,1.6756967845050945,2.340254208113481,1.3072331000182635,1.368028165754183,0.5823163960214196
151,2,0.0,210.0,False,2.018446087522716,1.910886625042418,0.2927498892905521,1.769319616424982,0.965585998685237,0.6317701293356482,1.940000976803854,0.7521072424351594,0.6925163411071894,0.8452546316862661,1.359205768156079,0.9681364057582333,1.7049811162802153,0.7856526441799141,1.1883295337648903,0.5565043873661089
152,2,0.0,240.0,False,1.845176262051204,1.9534589103333126,0.07822594159762666,0.7110547948258448,1.4778789839365514,0.21152269987132044,1.470267413950666,0.623538033319684,0.41002508721700115,0.5122696116982938,1.6542632890089064,1.0897332950120613,0.6962731178449382,0.661154776345353,0.9567744440723402,0.5959671042552237
153,2,0.0,270.0,False,1.019413550379113,1.920147238270028,0.23082437148069684,0.38138842957080177,1.123615730660852,0.6251811642218935,0.8306603667584441,0.6897178668150976,0.7383559025659139,0.4298459469770457,1.304978956153589,1.0846374965210057,0.8838422351861757,0.7580025847770948,0.8586151314526967,0.41300198535063326
154,2,0.0,300.0,False,0.5047848020667105,2.3331145453109405,0.5488586883490956,38.01543664075058,0.7989829695063069,0.3082204851261349,0.4668041980635294,0.3388499673002332,0.9232234099843226,0.20900729363571813,157.45606057314953,0.865813874741969,0.9166518431969258,0.6982455975001272,14.598861063477292,40.763997636340434
155,2,0.0,330.0,False,0.2744445343109737,1.7506423493409942,0.34829924393549366,337.4828625916813,0.40520692865615215,0.2673876099897519,0.9662065168994048,0.4378474050740375,1.4424092739125474,0.18286813337497598,241.8906008313511,0.4887235854819668,2.1928962508455196,0.6044457317802546,42.052488641902464,102.69932863166937
156,2,30.0,0.0,False,1.3604344856148718,1.3843376172080744,0.16958207131966216,11.359284749517194,0.5115289866049684,0.3818820659142006,1.8918701301987488,0.9041759044274977,2.7311213150461437,0.18301320655969427,0.3425042983965324,0.2117590708047706,2.554209507910215,0.5297735480955738,1.7511054969727249,2.792382642765011
157,2,30.0,30.0,True,4.377647391546525,0.9894041299147378,0.36204676137689246,0.723428787753325,0.9698786400166334,0.26268135095208833,2.1818725492014366,1.3713837739544636,3.201318941143561,0.31361848424680505,0.12586992379130033,0.44255206459535656,2.383173349837662,0.12389059720178376,1.2734833389666123,1.25347498137821
158,2,30.0,60.0,False,6.983755950882875,0.5576782354793177,0.5319307252118071,0.5543011301611142,1.1132649202293083,0.33900789268036796,2.7464253126250435,1.38219649268448,2.754677012003086,0.5036855286677584,0.32732424333226906,0.5475151448430677,1.5489841562694866,0.18981861544930892,1.4343260971799496,1.739536455866676
159,2,30.0,90.0,False,2.1772757209855667,0.5874689633391995,367.9894966336392,0.5882193027259832,0.7508804685195032,0.5807834297428198,2.5765945807729915,0.9720312078815285,2.624429652523582,0.8548396103850046,0.4500741204928591,1.6429518449325768,2.3340101517131995,0.5952914801856057,27.480310511988538,94.44354466029957
160,2,30.0,120.0,False,2.231523076363845,1.190519307781652,0.7425488675184153,0.6069572340036238,0.7777255228192113,1.3993003438600486,2.5228281772736185,0.6567488414434375,2.129738960397044,1.2465273275862723,0.7644702669137915,2.4318769327525946,2.726327737105575,1.4538306590369858,1.4914945182040082,0.7400023855933681
161,2,30.0,150.0,False,2.2277268505735814,1.4137704958822135,0.6315504365635354,0.916602926053812,1.2010214822855299,1.535873990426185,2.551778438980732,0.5447058801864553,1.778545487530828,0.5168946229625431,1.0590368728596273,2.3268286756250625,2.7411184822122845,1.8293152957099825,1.519626424132312,0.7224307842625312
162,2,30.0,180.0,False,2.2819981534413585,1.3656748825175935,0.30968903350939747,1.4613405019760668,1.2901597209455624,1.1605712562590722,2.5406198271214024,0.7578436189637363,1.4123816362613768,1.3690401327010897,1.1533940645536198,1.955983458208643,2.453564933994994,0.8781818469601904,1.4564602191010072,0.6246780663937478
163,2,30.0,210.0,False,1.990097617988353,1.2477184497375196,0.12201272094498714,1.508220634858528,1.5513012930052226,0.734375053533622,2.0991502874765393,1.063686210522448,0.8294769267402509,0.9402835746993173,1.4142644748886,1.7368690444527717,1.8436288798744516,1.0725079797815869,1.2966852248931569,0.5270793655061867
164,2,30.0,240.0,False,1.8134732391106745,0.9950893373783176,0.3286982894583508,0.7629404920362227,1.8302293611278815,0.32384981471209173,1.6856825738767371,1.1680962208531553,0.46619392292818307,0.5600305589386043,2.053776983222712,1.9945393300888306,0.732602413347896,0.35704266680828023,1.0765889431348525,0.6433357677056114
165,2,30.0,270.0,False,1.3140025363719618,1.9403038260952266,0.5738964786217426,0.507513879777106,1.4425187204727874,0.3065487637888691,1.1014193200189148,0.8173488748445974,1.179487210017863,0.26772083155926485,1.5500586188011287,1.6844599460005014,0.8005317097703781,0.8764595317863939,1.025876446280481,0.5008845272614159
166,2,30.0,300.0,False,0.5409578061893782,1.8961775192215622,0.7723598737588282,62.157130650444216,0.9951574592756014,0.34767141653219513,0.759888922199757,0.6101261980937761,1.6560352507249627,0.34509744324120395,0.9088675702434507,1.093504066739963,1.1345085751521644,0.7112474115937104,5.280623583100769,15.780505552640745
167,2,30.0,330.0,False,0.6201826047275381,1.578220882661483,0.4751252644176323,18.928843846734942,0.6421817071583128,0.2847447193903875,1.6592174362102683,0.6169828549427594,1.9145702865870475,0.32876696581764847,0.12960725011688107,0.5036873193016864,2.445319450740032,0.47531920566313546,2.1859121281764113,4.693339842050544
168,2,60.0,0.0,False,8.404082497682857,1.1675743965181593,0.28126224482388573,0.6084591614272237,0.44638071458445727,0.48422616679955177,2.036553685766857,1.085167779987463,2.8905041143028685,0.3888639311638162,0.06950221789921124,0.6255158438813203,2.3703782018357877,0.35982997895225655,1.5155929239732653,2.082104495922589
169,2,60.0,30.0,False,20.466179867565863,0.8012228847456937,0.8053739882913553,0.9424842838289094,0.8437730914720653,0.4060236321597205,2.3028219901479403,1.327803873304177,2.8337059639024407,0.2973051243562025,0.07058325137855409,0.38175182269522207,1.588253163430156,0.0979533937074096,2.3689454522132647,5.079515895872243
170,2,60.0,60.0,True,9.314560077838147,0.43135202587817134,0.5307781935968541,0.7572204281724566,0.9047227398334343,0.46566584063339017,2.333933182078925,1.0843973618427527,3.010316128368908,3.6111345540873043,0.21970514574333572,0.9883591005872361,2.3131857352791707,0.2167731657532363,1.870150262835237,2.3148820199150375
171,2,60.0,90.0,False,2.486789247980301,0.4658340105336727,0.36293587856218623,0.5616321027502634,0.6810088515169574,0.6651570850074962,2.6602727864739277,0.6949725058362994,2.5814589600626996,0.7574000080541048,0.7437486454395432,1.7222595314991462,3.0119767439460423,0.4344598939048447,1.2735647322548205,0.9496113808940344
172,2,60.0,120.0,False,2.359343778930323,0.9824166453605334,0.46446116767388096,0.6224974695976204,0.9497350302871992,1.4631668094343007,2.761523251910044,0.543681147073708,2.125825389283578,0.4777837507013155,1.0645667951909168,2.307478341720376,3.123626466134306,1.1165636922626105,1.4544764096829077,0.8738760158898111
173,2,60.0,150.0,False,2.4826618585992337,1.3798439602163162,0.34263241073914097,0.6439432042506736,1.1646727509558643,1.5344497010044482,2.8645144641340794,0.5559175718047813,1.7603167634873034,0.8564894416583936,1.4911014453404996,2.031139656125257,3.005907831252016,1.556872901006332,1.5478902828981673,0.7983089567219487
174,2,60.0,180.0,False,2.154604208830047,1.6780868967117613,0.17159350150522906,1.0018130549073663,1.6748313117213571,1.1299421223871102,2.433821971587322,0.8654705726678525,1.363627500018675,1.471669586699325,1.908861569945688,1.819319731033744,2.4621223721968626,1.4505910459944287,1.5418825318719123,0.6039945102542646
175,2,60.0,210.0,False,2.102993948467885,1.308929837738615,0.39162168120530677,0.8254204118930981,2.076794923829622,0.7176059704850577,2.0739099583800025,1.1641089006289138,0.6859396910230336,0.7955668947184088,2.124908235199688,2.1336806319148622,2.0113043464872353,1.2264679067096145,1.4028038099058104,0.6339035574115669
176,2,60.0,240.0,False,1.9023510133035364,0.7441240568860559,0.865190816636455,0.46276501991639063,2.0905483175792634,0.32269705898050727,1.8047961379436366,1.402990894512977,0.9452243896370345,0.5602443822318632,1.797222447409818,1.9190948074390692,1.098726324781932,0.5368502369364209,1.1752018502996402,0.6044972764168062
177,2,60.0,270.0,False,1.3678435805837679,1.38974322762946,0.881032399744923,0.30444720590724494,1.582904548200745,0.2894295124123498,1.194464949216198,0.7428901705837991,1.5374403606117455,0.3620996486307431,1.264057770148828,1.7457697927839249,1.0426792494203458,0.5839350239703451,1.02062410284603,0.47991075024361135
178,2,60.0,300.0,False,0.7655314597687308,1.8376969062176909,0.9731823269733075,0.5087463615516603,1.1857267056876926,0.5421679956126253,1.1241599729754805,0.756058211528206,1.8208397610031017,0.32109767870582906,0.8592766082185543,1.4679082171188962,0.7823711806398665,0.717463920342993,0.9758733790246169,0.4480318746418851
179,2,60.0,330.0,False,0.7725053693867677,1.396182452046265,0.4391313048851364,0.6285205397307247,0.645535582548536,0.4029525971050265,1.8043501180369241,0.5985357010864722,2.4856439841773126,0.4739822546288556,0.1502950307777647,0.9668799308972438,2.565464742750174,0.6151353605286336,0.9960796406132741,0.7443627196366
180,2,90.0,0.0,False,4.923698328925362,1.3858225370999016,0.5945330904899399,1.6250048442430107,0.45298244867562115,0.8153100736895984,1.9890970296837636,1.5977520797328957,2.662323446935045,0.4838250403310588,0.15944050273151245,0.5697829953868232,1.8872357135373716,0.6044320514219045,1.4108028702059865,1.2032895133028363
181,2,90.0,30.0,False,4.802329446120468,0.8382641117034506,5.6503532955910245,1.6040918595121378,0.9242327603043836,0.7337501392227364,2.140731469889981,1.251469681102019,2.7281064408880775,0.3773721644699336,0.2749193314007753,0.977293491768588,2.275480593689606,0.08068788887052385,1.7613630481809788,1.6074057202654013
182,2,90.0,60.0,False,4.72927718577724,0.40620724962967264,12.496096005283725,0.893703141113061,0.9376744997018178,0.9435972878653972,2.440668938552948,0.9454701634021889,2.7940248369593466,6.821182683055359,0.5726981144905268,1.629164727729343,2.7899909457664904,0.45449332050506425,2.7753035071308707,3.2246608282505287
183,2,90.0,90.0,True,2.0770529260597703,0.5944823712544887,0.22884441231969554,0.6178256224783305,0.7824814378583207,0.9924606048231772,2.5993475060428075,0.44268296235803367,2.4877657866774117,1400.8166993908787,0.9173905329558608,1.9054821548105734,3.0006965001207733,0.390107102465165,101.27523709365023,360.42905617489026
184,2,90.0,120.0,False,2.194001186191263,1.4621579118632912,0.29700069594255807,0.4028195640676261,0.9979086160108326,1.4132058329525914,2.631439395176819,0.3512065885809126,2.1952049332432075,0.6014904608706545,0.9934686244924211,1.9294027636936097,3.0354744037130157,0.7349885556944727,1.374269252320948,0.8638283318864058
185,2,90.0,150.0,False,2.4175084692506927,1.6983724287246285,0.344730948883635,0.40346799985702086,1.504712925940772,1.4226622755351013,2.821375721042876,0.4116450404520132,1.6653184754167585,1.057726344256157,1.4279968405990515,1.6313976006039945,3.024920541389272,1.1018397801253301,1.4952625280055218,0.805505256053469
186,2,90.0,180.0,False,2.4902193920257405,1.7556762290134,0.4483463527940175,0.47222392976129524,1.7852532004803114,1.0158058433053176,2.5279090072337214,0.7158353961443261,0.8505148330003764,1.2340516497692324,1.7143763391196738,1.6174964895973076,2.5842830113189192,1.329529736256509,1.4672515292728678,0.7039463087920989
187,2,90.0,210.0,False,2.429151324348683,0.7984373603726818,0.819543735959348,0.3218617041842746,1.7803374503978675,0.6928052288678177,2.2096453689534874,1.1126961837538076,0.9434812687467914,0.7178040918773825,1.9554255022185325,1.7669902422196668,2.066061813079136,0.7513376611285183,1.3118270668648566,0.6641713646228968
188,2,90.0,240.0,False,2.0810854995382106,0.8522932045101549,1.317235955008614,0.2415204052694106,2.0084827041080637,0.36177185583411203,1.4535140990191975,1.4075303274540991,1.452849251661277,0.49365797202167805,1.5508292072105383,1.7067916253245887,1.4308531753104354,0.37656045018898454,1.1953554094613834,0.5956426645617917
189,2,90.0,270.0,False,1.3495688031188289,1.8726535140248273,1.3935694162041057,0.5390968381003558,1.6331171043759791,0.750877741953186,1.1957052277224915,1.6668776685030469,1.828550008694005,1.4745263187835138,1.3744484167209439,1.8298169365746308,0.7885233623179697,0.25493222430266615,1.2823045415283254,0.4943654772495529
190,2,90.0,300.0,False,1.1607128004689955,1.6964897206353187,1.1928519583169774,1.1979864458861733,1.2731346556289376,0.8313774155624123,1.8970416391532812,0.6338548399541579,2.099781065407942,1.1095435318138849,0.28214074728730765,1.4372849680973492,1.1374073907648992,0.4455092200056653,1.1710797427845219,0.49812091821837484
191,2,90.0,330.0,False,0.9386214524051433,1.7388411762816598,0.20401616323707478,0.7588501969453983,0.49535079981171304,0.7556599582292591,2.1050786923103164,0.7297969695879523,2.568178432208021,0.4741229057991463,0.19097187871422716,1.0828630984828387,2.2574472875818525,0.6938819452793739,1.0709772112052842,0.7488779663973321
192,2,120.0,0.0,False,1.4231679043983736,1.290108481481518,0.7865079674100355,0.9861373878529911,0.6088976448486241,1.3580256343372952,1.882858407823042,1.1073591227127508,2.3763171264995084,0.7212969789623942,0.3802806991135874,1.1777134196220636,1.9124592464716825,0.3340135799587565,1.167510257249473,0.5764395545743792
193,2,120.0,30.0,False,1.8263821988898754,0.9708575397551834,1.3337134728512587,1.4056932756027143,0.8991983071256381,1.822704806198069,2.0984911148155594,1.4101635202857314,2.7058863321595665,0.5638156812219802,0.627984554255786,1.4476937249503536,2.4821014458779196,0.17865403478894884,1.4123814291984704,0.7046364486839231
194,2,120.0,60.0,False,2.218451044158034,0.6349892043500833,0.8791390009834765,0.7478199564552854,1.11193838388454,1.6771471341324253,2.4250501242933296,0.9688522512564146,2.6897153209476032,0.5574767432377923,0.9078200901041285,1.8644615105545443,3.0117765815653037,0.6206785012658853,1.4510939890849175,0.8171351872234986
195,2,120.0,90.0,False,2.4828904294715235,0.644296271028437,0.4371100905960281,0.37282370827988964,1.363389134781151,1.3254189378474377,2.737893204892486,0.6178841367098756,2.3031436776807492,218.88214123233436,1.1915364507906325,1.8834124184328405,3.272472871592355,0.4538238611210217,16.9977311732542,56.00003920762663
196,2,120.0,120.0,True,2.2954954301812918,1.036625194506261,0.2943002512377476,0.3231403679407522,1.373721842701709,1.5149912371274659,2.705960296636693,0.31903492638934805,2.099040804638905,1097.89236695319,1.4380149073680113,1.6751165672150727,3.1015338395135057,0.7046864131944416,79.76957350227437,282.3777356950308
197,2,120.0,150.0,False,2.5970044083961112,1.1889174194047225,0.3614099438973582,0.237075845307146,1.4528625956127512,1.5237681807708654,2.8159416261996393,0.37093542290679105,1.5439404418830338,1.0253067558488018,1.341634567830149,1.4708304397357843,2.7577043106224886,1.0395526906843682,1.4090631892214294,0.8076458534421536
198,2,120.0,180.0,False,2.8111681397442103,0.9234098550448383,0.5235989405390832,0.39922441426495814,1.2879009114450501,1.126571522870885,2.9169238639048793,0.5204936065387058,0.69728843134839,0.9614235193230911,1.4138689516806773,1.3012270943267779,2.565965970040963,0.894057839341922,1.310223075743888,0.8171728265342891
199,2,120.0,210.0,False,2.506868512148456,0.9775647803524821,0.9693492828518646,0.26522750241676835,1.6735860462449481,0.7897372970177465,2.2035569042373986,0.9883061429589786,0.894302460876005,0.4935817977162791,1.647524476240021,1.198659802116743,1.9542461375215856,0.6753611856437758,1.2312765948816469,0.6409879466958883
200,2,120.0,240.0,False,2.1612192853735928,1.1519387937426042,1.3394641963140796,0.4569329985950576,1.7286023152698318,0.5539455326719006,1.6266807917690778,1.3999958733622653,1.4355596555729035,1.0057202664457447,1.5065977143336442,1.3780458128794772,1.4240751842880528,0.5279907538764652,1.2640549410353359,0.4690424827894509
201,2,120.0,270.0,False,1.4111104208970158,1.5813260959941324,1.735374187751603,0.6938233320709709,1.1526039037532019,1.02023113340365,1.697149288989995,1.6790776944324426,1.8538951123465133,1.91677088452136,1.5074658606468998,1.4823492287542102,0.7607420112611358,0.158737906910245,1.3321897901238127,0.4922387377679301
202,2,120.0,300.0,False,0.8951759686553311,2.1425237147478997,1.0002470309236875,0.9731734458812832,0.975605601956595,0.8964802700417687,1.8821052898656063,0.25323980754475195,1.9873228157234677,1.1237096698011797,1.3093116129917142,1.4017684594270348,0.8263239149869579,0.3527762759643912,1.1442688484651191,0.5391140289028485
203,2,120.0,330.0,False,0.9359049381017788,1.7208568325393538,0.5514839044234409,1.2413491208133816,0.9026035960995138,1.1867009754496993,2.058255316666873,0.4999218858644767,2.0192515622704157,0.23381504145459442,0.2484916532533347,0.8326918596240946,1.4892718872482718,0.5623725512436007,1.0344979375037735,0.5873911928501482
204,2,150.0,0.0,False,1.6147059642811556,1.3382036733399625,0.6438530068519481,0.9330273357610706,0.9196413673076792,1.9294197107920554,1.9485590798453487,1.4240224221851217,1.6495964124471634,0.7146298749601008,0.6763011302720772,1.465046679198815,2.072687360076814,0.39123756350335614,1.265780827201619,0.5298360662418948
205,2,150.0,30.0,False,1.9192311240587756,0.9913740313051541,1.4265244303803684,1.3312030503220722,1.2941953192484936,1.9167452041742976,2.1344986524279292,1.4535515841023268,2.65849110796188,0.7894488442074339,0.898459162901294,1.7194122112010883,2.565194339600077,0.6938661673743446,1.5565853735189668,0.6027180145968477
206,2,150.0,60.0,False,2.1089685796113065,0.7280167501809023,1.173292352588377,0.9302811870770666,1.5286904743490504,1.3421380563209093,2.3310858445021942,1.267101317749308,2.6788599175417445,1.5511790154849385,0.7769660095361184,2.043879052584144,2.9192168774818192,0.49575178165575284,1.5625305154759739,0.7244539806745502
207,2,150.0,90.0,False,2.13062308644325,1.3946423486284774,0.6755467350964417,0.4269965089335179,1.67396313573648,1.4074376145379635,2.602360379294612,0.8056580238696405,2.045487778374053,1.4246395567903372,1.3462709452527009,2.141878099470182,3.0015652149828784,0.46829531068278296,1.5389546241495229,0.7565301408016758
208,2,150.0,120.0,False,2.6118057647919595,0.711074960249488,0.3052540368921835,0.4051056282995751,1.7041227300981854,1.6686987010249412,2.9693690387503113,0.277326747786773,1.7510275056944924,5.397979371770055,1.7979802748634104,1.7427019431824813,3.2273738459761647,0.5684685767415967,1.7955920804372583,1.3691005166513794
209,2,150.0,150.0,True,2.520408459168478,0.6672295398911694,0.29447704799986574,0.3509048989969187,1.3307644151297255,1.5787446880753304,2.525625572728945,0.342138836806435,1.2966160531723259,0.8916440042019695,1.190498298771629,1.3994678503240967,2.592420705508065,0.8466338448648405,1.2733981582599851,0.7725001048583605
210,2,150.0,180.0,False,3.0154004009533404,0.34066588527882435,0.4364989357475665,0.3324863308872126,1.2722844124190407,1.048312445404795,2.734607581731887,0.31117376995588636,0.36046458497794676,0.8174152194464275,1.2604700835378901,1.3940708567961666,2.4770829165090626,0.8032597182691463,1.1860137958510852,0.8952665290803852
211,2,150.0,210.0,False,2.7340103275715686,0.4817068972288904,0.6562448018856173,0.2365928223336233,1.7117220342534263,0.8668433227381639,1.8457660872252513,0.6088320805494081,0.6786782221933962,0.43457521436001106,1.6926166527162085,1.1939765136309437,1.7102380266731334,0.4292424235096456,1.0915032447763777,0.7082306586968926
212,2,150.0,240.0,False,2.2587147232171714,0.8735002135965995,2.250867236499878,0.5688181534609451,1.6323522125965213,0.4913961711733916,1.5651879221327354,1.0425511956423597,1.1029881382880573,1.3756067099776026,1.900043655222226,1.1977549104129435,1.235275876859259,0.4670535699072045,1.2830079063562068,0.5700687473223137
213,2,150.0,270.0,False,1.575229220807736,1.3443575554370848,1.631415951954914,0.5271923440997206,1.1092173229693578,0.8786225532715594,1.7648232310576337,1.3987836629310684,1.119801217837086,1.5992460864037912,1.7945384770297874,1.3221725162016391,1.1616019283260162,0.07246677433957906,1.2356763459047837,0.4674939947921475
214,2,150.0,300.0,False,0.7738501210410305,1.669414230034348,0.5823706754613189,1.3259414602061415,1.2826142790061383,1.1509287021180727,1.8813399579078123,0.20431145652146782,1.0354933844362344,0.42691809214236776,1.7721276804947679,1.170562826672128,1.1031815398102858,0.482426639264957,1.0615343603655052,0.4980616259828641
215,2,150.0,330.0,False,1.1322537630062204,1.3900247302705386,0.4861213009532423,1.3447433534348985,0.47847545634269745,1.659637634316649,1.719750327636707,0.8728604140593583,1.478237754846837,0.1013348299442901,0.720898828040009,1.37472272164665,1.5860475396756055,0.2621597588369655,1.0433763152150477,0.5284740976413633
216,2,180.0,0.0,False,1.3972323624209697,1.3222933053038086,0.7357436857062754,0.9825968362878928,1.0097431237259138,1.7897579530459318,1.8605331677749408,0.9977231976298364,1.5190014129700484,0.9742060293783127,0.9659214120686719,1.573843465403168,1.8759556288871944,0.1619457230322007,1.2261783788310834,0.46675638647548795
217,2,180.0,30.0,False,1.697147226322865,1.1173232175648964,1.2848467138702246,1.5382816247255566,1.5356959257990215,1.0698173250765335,2.193188138069493,1.3860252607771877,2.1568971065267135,2.09425112584161,0.912134067469166,2.0053546774840894,2.341866562898266,0.1954737877703568,1.5377359114425697,0.5787366914612497
218,2,180.0,60.0,False,2.016810905785015,1.9088757958859963,0.4441465837081451,1.0954590440387568,2.2594466067011743,1.0180290237651182,2.5938815861744855,1.2888262841532439,1.7319522169766288,2.0865909054874185,0.7763606674314023,2.5444967409368693,2.910757017632671,0.2868997439996812,1.640180937334043,0.8000997746618304
219,2,180.0,90.0,False,2.3394590700303164,1.5784013003835913,0.6311266707849524,0.7795514007360824,2.215906541647618,1.3928622229741627,2.692828281735048,1.0310059734355472,1.485259240884907,1.835579795012968,1.0811945554157265,2.4723112970619785,2.957439647806632,0.36977467678712744,1.6330500481926185,0.7809767816268
220,2,180.0,120.0,False,2.6349389395382143,0.854587693827455,0.4971545908734004,0.7614646203194037,1.753686691242514,1.5966054533616605,2.9477134949167887,0.5397812035700089,1.3644984617793043,1.3440508678168848,0.8930221159401761,1.6120544975715876,2.856834147034286,0.630829352626137,1.4490872950298446,0.8164026992450149
221,2,180.0,150.0,False,2.7206414878795906,0.49855072912772475,0.5346756371788282,0.4719468933844194,1.2471960843966452,1.4400313230159276,2.485127435568364,0.3695933597634192,0.818242184930811,0.7566310186391646,8.913591806190718,1.593471960623246,2.431021830111149,0.7445689109944416,1.7875207615574609,2.122414505715658
222,2,180.0,180.0,True,2.7098001780338965,0.31637381794530006,0.5860509981882283,0.22047841170178611,1.178909212299828,0.8592094820605212,2.1709185387063608,0.4741537448584531,0.23318989342581606,0.46593792528318934,1.527212439503368,1.3682040820758767,1.9407571044433158,0.5145870719212994,1.04041306431766,0.7678214047373569
223,2,180.0,210.0,False,2.4735040999447704,0.3482174868652034,1.3462497594467324,0.5410121651162422,1.4389407352183339,0.5375983928397142,1.5871764623912716,0.43110039394595356,0.24142837614402424,0.5694068337027374,2.061864543331856,1.237531482027998,1.433244306620863,0.5424902427227145,1.0564118057370295,0.6707556133057855
224,2,180.0,240.0,False,2.015256354243083,0.5983320146498143,1.6072895754578753,0.4469113755634764,1.564004697852655,0.22466065601197246,1.4261492134641596,0.9449356446642931,0.27866699422943897,0.793955161949911,2.0691876516804184,1.0733630752060588,1.09622420801013,0.27118236071624524,1.0292942131213951,0.6100596115815702
225,2,180.0,270.0,False,1.5716302202585022,1.1326138742793401,1.1028776328527958,0.7848411115233731,1.1262206076303434,0.3039884547579219,1.2481641527085428,0.994356028185837,0.4301044342673222,0.5433432746746696,1.7538071805223372,1.2502057623453846,0.6456693987382081,0.5168947974040669,0.9574797807249033,0.41926632106009565
226,2,180.0,300.0,False,0.9235807422982303,1.2076979061628355,0.5424933421429042,1.3157822693635057,0.6538009767269175,0.7931891380788278,1.4699855530671542,0.44561343574750284,0.5154231447317756,0.16154478946707934,2.1473996771494575,1.1414704658183925,0.9913641300261865,0.3573887880231774,0.9047667399145675,0.5077456323811533
227,2,180.0,330.0,False,0.965367088497087,1.2503922595741872,0.5684814613666997,0.8411127701741468,0.46085991716416963,1.335904070134583,1.4052367552676142,1.102806947237231,0.9668493207416916,0.34068923275805096,1.428432113608153,1.3119910215515143,1.4679953479010044,0.28675509371196467,0.9809195285491495,0.4047011209381926
228,2,210.0,0.0,False,1.1518797221009456,1.3541786376211957,0.46450133461873155,1.2699109818254155,1.1418771296407224,1.0516426853938246,1.607478105271595,1.3446121190405442,1.285410354488736,1.7834290427643122,1.1992759833102369,1.4832007214147187,1.5963196697940503,1.0681671640381454,1.2715631179516553,0.30646725372740025
229,2,210.0,30.0,False,1.5482986940756875,1.1996868868526378,0.23137453465763183,1.298608406111568,1.8491025422719825,0.5094136293649167,1.9426506809481476,1.638853538115851,1.5151945307527543,1.2760720858564687,0.9349936919961852,2.0382128315477788,2.080528180439364,0.5792737263040385,1.3315902828067867,0.567438334751187
230,2,210.0,60.0,False,1.8679050037341058,2.387060197061267,0.37579109857771437,1.1386112995228173,2.4354241070187914,1.0633620741811776,2.215248321328413,1.7004699396226322,1.6103328832660653,1.5069618310786759,0.9138147436409864,2.312998495669598,2.5103663848933415,0.2672792982661895,1.5932589769901266,0.7255341576125103
231,2,210.0,90.0,False,2.1804062048894615,1.252571894264476,1.0327190426446617,1.1852650659726103,2.2774330282387667,1.2842501247229159,2.1996969176569987,1.3223130446800155,1.483536044316996,1.8083712898586186,1.197632465465971,2.365567696659224,2.2100500230933595,0.3041929703471251,1.5788575580579427,0.5853414850922648
232,2,210.0,120.0,False,2.4772060574857298,0.6694981807934295,0.8349724461120979,1.1538165722020328,1.9628363134619997,1.4171216999034666,2.878758341498694,0.7517316236086509,1.4196223054268993,1.3880056248479118,0.9173448577410104,1.7077268900144307,2.5742262720861087,0.3684600222500038,1.465809086245176,0.7420221064696595
233,2,210.0,150.0,False,2.612840201444916,0.581207430314399,0.7330673579498161,0.553015693021017,1.3142523530411374,1.439737622109237,2.564366095239322,0.5103168685383377,0.6802267668699232,0.2984917469550944,1.1173506072573371,1.9034003018098935,2.3476874909205208,0.6941673810164568,1.239294851177672,0.7819043660753229
234,2,210.0,180.0,False,2.613189870302585,0.4069862866048254,1.1326191626892963,0.6301406150954795,1.1948513191723875,0.5456128561167468,1.916139399747891,0.5379229998469657,0.32768129094819465,0.2307285983815319,1.716868832792672,1.8873863454401052,1.6873727300140677,0.7300739032840565,1.1112553007454862,0.7132867216333514
235,2,210.0,210.0,True,2.447878336862893,0.6220308419052292,1.161098697339153,0.6458328077343354,1.464680277020462,0.14793063280656704,1.342847337465662,0.4043901586536618,0.2524394312121983,0.4908233294227056,2.246448198177073,1.5949839491166187,1.199158128563573,0.5926890778725162,1.0438022288680464,0.6922683650601292
236,2,210.0,240.0,False,2.124454619504478,0.8192967534690412,0.8273813503082714,0.7329198042435174,1.7647082697143763,0.04461275818865455,0.755184336315192,0.353495514897573,0.14001894802836495,0.547163057413278,1.8370884030998986,1.3071925942813472,0.7507234523917472,0.2282411497259505,0.8737486436844064,0.6295088223208261
237,2,210.0,270.0,False,1.7713441199984272,0.6910984404742584,0.48528135858853205,248.8783110390547,1.5547916819231635,0.4275855675434065,0.8659355303464369,0.6545168267764025,0.30076518793173945,0.1991938798573893,1.6445312284421565,1.3236484383466105,0.5660059832395437,0.38099166579143545,18.553142924879584,63.882720407849376
238,2,210.0,300.0,False,1.156644905848524,0.7985609852554643,0.14839656084646619,44.31939590515387,0.9505574949405342,0.3427064658730105,0.9840215432440665,0.5407676018008327,0.46533480920958303,0.13840453563194052,1.4187180855898283,1.1372686418210765,0.891371036951645,0.4379250793752626,3.8378624036815787,11.233901693562165
239,2,210.0,330.0,False,1.0962769711748082,1.111560462117569,0.4652608817869275,1.0499787798818527,0.7197536025838501,0.87305486638624,1.2747540634571681,0.48842335835289896,0.9632347143670388,0.5657041020640214,1.2530334102419756,1.1397062066268728,1.3859280447019096,0.2206796358839065,0.9005249356876456,0.34155812646344047
240,2,240.0,0.0,False,0.8068895751242401,1.1795873357725712,0.18340023365278707,1.2613938004396839,1.3133698331514139,0.3781546687921305,1.305379509015057,1.4018656212668454,0.5807630098132399,0.5329546862288819,0.7718205383626238,0.9587273695781452,1.5994355004549172,1.2029015327405423,0.9626173724566486,0.4116983821601503
241,2,240.0,30.0,False,1.2951822128189865,1.0667237927112783,0.29472024430503585,0.9683400531345856,1.8367762250621,0.6145075819160812,1.6315624630077659,1.8363797458550726,1.594326810848436,0.22577887341930541,0.8015055542944984,1.690739494615526,1.796359359844784,1.594610204805523,1.2319651869027841,0.5503772101549864
242,2,240.0,60.0,False,1.7107567556759107,2.219239686233216,1.0009322523788262,0.9578464372784189,2.1461906701161455,1.1009950266279251,1.8221912823568278,1.7396405504205577,1.7015149417445734,0.861694155197302,0.9716716246634223,2.2472004751602612,1.3841861079363227,1.386097186644781,1.5178683680310352,0.4743510047044474
243,2,240.0,90.0,False,2.001611779273588,0.9764124105587196,1.3469156377113363,1.5128854837185068,2.313251237963648,0.9076783484791215,1.9990128117340422,1.2819620076539238,1.6946531675145833,1.3883993779251491,1.0907995021979904,2.507797605545918,1.546937126982358,0.5728275696857222,1.5100817190674718,0.5313063762417191
244,2,240.0,120.0,False,2.423103838175888,0.8197863867971882,0.8018050034224649,1.136664506548018,1.8332313701823426,0.9276610574749016,2.854714333068676,0.7138364463953437,1.6123623559072082,0.708103449354133,0.9813706699026288,2.193396419746847,1.7987685134200115,0.18351495173584886,1.3563085215808215,0.7439783893926908
245,2,240.0,150.0,False,2.510468337111237,0.7633331007020834,0.9922831174832234,0.5748262437206857,1.5903214911215808,0.6261481057403205,2.6031081478075198,0.5367954204365055,0.848349640054322,0.4419919663274493,1.3164494340390696,2.3332866709066806,2.100412118375912,0.40252744417616937,1.2600215170001972,0.7848842058902793
246,2,240.0,180.0,False,2.5922549592059507,0.555890014884908,1.5817717829087323,0.6839875150950749,1.6702614536170808,0.31384807285148997,1.8642488915730735,0.5394248484915252,0.2042086335833898,0.2303033491582887,1.7899908323949039,2.2879064066841837,1.6110879802476816,0.5043964464083751,1.1735415133646185,0.790834360425571
247,2,240.0,210.0,False,2.246733994975732,0.9312413425801884,0.7325610579819949,8.521725874767036,1.461427336542925,0.05847053748379093,1.079325950840945,0.581737375598885,0.33403359299644253,0.5277318207938388,2.305247097661255,1.6191796273742223,1.0512432090946084,0.5722260595302888,1.5730632055872964,2.0324015429447124
248,2,240.0,240.0,True,2.0059933923794677,0.6753808234367136,0.8939369784244622,0.7952915426609892,1.5648693003800285,0.37277906295397534,0.48957084609234947,0.37421928856094466,0.2250589332107329,0.33806417941196887,1.8781187872390221,1.1257631263191858,0.5129339846810731,0.2671359948773771,0.822794017187735,0.5791295961047749
249,2,240.0,270.0,False,1.8169165802691598,0.4236461634690785,0.5060368326364744,159.5959662049739,1.2717515641234272,0.3244127130070461,0.5833907209889386,0.6540220327555115,0.2439725773311189,0.157817512627227,1.5289040259791162,0.9212851935495047,0.3104770045334041,0.2048957058531049,12.0388210594355,40.928023926529434
250,2,240.0,300.0,False,1.227215753029447,0.46331462109116517,0.1857923912647569,10.743116629432595,0.5126384500211947,0.17611771990193514,0.5188721302857285,0.3238317445816586,0.32348160516863345,0.3153440669703202,1.298846096803195,0.9469972222860481,0.6267351625069537,0.3470620164550744,1.2863832578427645,2.645371879622458
251,2,240.0,330.0,False,1.1349063697216646,0.7768752133696419,0.23900185107623453,0.8939620723615405,0.7297706778136026,0.17550766426939085,0.9551886214422628,0.37637785144836955,0.5607921012920136,0.8707833944280758,1.3063869817549951,0.6874196942204966,1.0623051656631521,0.12231563146687785,0.7065423778805942,0.3557506375993687
252,2,270.0,0.0,False,0.7372419911894974,1.4553029848319339,0.14501587276391487,0.5341533606077542,0.9872618113770784,0.18777357553843116,0.949299376214956,1.1830929368019745,1.098714716620424,0.24581375406114203,0.7599314489072628,1.0880410335507944,1.3103003778813025,1.0319330734110825,0.8367054509826822,0.4042843114030427
253,2,270.0,30.0,False,1.2169833568344153,1.0461486897123644,0.3530339309240746,0.2531446866187976,1.528572800257544,0.41534094870158256,1.389420945109593,1.4803975743717916,1.8453321301119707,0.15233185358316037,0.9597490481274338,1.6251380521022416,1.5611413073495835,1.281005209090854,1.079124323778243,0.5451706835924699
254,2,270.0,60.0,False,1.5859595433799736,0.831942611938028,0.8998052932707952,0.7741088364050415,1.9433002431982205,1.1919056347361463,1.6730617362143148,1.5023756066281058,2.2029576759707523,0.5377971348420214,0.8675808897582266,1.9987925462568032,1.9975659325352266,0.927071316347356,1.3524446429629293,0.5346540527174173
255,2,270.0,90.0,False,2.0582989278632033,0.7368364325361252,1.0553961976013455,1.8089642943495083,2.119451830528794,0.7308983478804159,2.3305794871326055,0.9534102450145381,2.0087832342722822,0.8449236673969343,0.9282699975877708,2.274132901411258,1.4729962200618585,0.5495609812968247,1.4194644832095331,0.6312408783954336
256,2,270.0,120.0,False,2.479252539994309,0.8644051040419867,0.6263411372311822,1.6132806511739197,2.008260083149389,0.9577572042511133,2.7236319237525484,0.478910186300325,1.709590123603609,0.9335457217350134,0.9162461609824026,2.7031260923658462,0.9344000454874297,0.11449772237051417,1.3616603354599708,0.817485385463814
257,2,270.0,150.0,False,2.273646917498497,0.791479878671834,0.8494316471846479,1.067981848097931,1.7571845484058168,0.6816329751313667,2.609508522849881,0.3201018844190011,0.8832453925240289,0.4968214915450969,1.561206034082866,2.3934656347180026,1.460620251557562,0.18535900359990098,1.237977573591888,0.7571977453002842
258,2,270.0,180.0,False,2.1995363779363237,1.0407192057322776,0.872932886017474,14.784243090776336,1.5775062840443783,0.2737052379277046,1.6602430851107637,0.7405732952717523,0.2273903129000901,0.5065700095004536,2.1600320410809735,1.7190178218053307,1.1231599885384478,0.14740203080393177,2.0737879762461597,3.586971990274785
259,2,270.0,210.0,False,2.2201110526450805,1.157192991423379,0.5770368766073593,3.1601515870392696,1.6277132169734991,0.39078073074807507,1.1130423881069809,0.5014232004831733,0.4939498654043313,0.47068528646670105,2.1298518054512288,1.5351200163560184,1.115226686611789,0.40404168738715035,1.2068805279788595,0.8129967407223375
260,2,270.0,240.0,False,1.9222631784980524,0.7251207229806844,0.7244890514072135,80.73005824624235,1.0189899895787737,0.45974920289897053,0.4986699786384141,0.5304049808011646,0.24488390444820546,0.3514378183578234,2.1842865583561775,0.9928994011085283,0.5777091978919751,0.33259673504906906,6.520968497589815,20.589404653585987
261,2,270.0,270.0,True,1.7302791486335134,0.43083109052775387,0.37311352070117254,47.16835900739747,1.1029953572982185,0.28037371298961583,0.4574804670507592,0.1880086450659801,0.25511160773131325,0.2599908050306133,1.5256869613873039,0.7436230157138701,0.2817417513797827,0.10360884906297929,3.9215145671407394,12.004523687715743
262,2,270.0,300.0,False,1.239213260991277,0.21666310688832113,0.2479619220802336,0.5335609039862398,0.5917904913406389,0.19043585902074173,0.3151078802006777,0.193969453053072,0.5511559528433765,0.34384823488126437,1.2674655599395699,0.5803212021880584,0.4791000000484853,0.19865117679518013,0.49637464316122404,0.34194610219406474
263,2,270.0,330.0,False,0.6207439269196029,0.5998738049190564,0.15238966336903964,0.8101091927878096,0.5119126739159733,0.19258118186802375,0.5815494311553278,0.575373947849366,0.6991366063246518,0.4232272651526733,0.9299246865436825,0.521148629369643,1.012079350211197,0.3799464413277771,0.5721426286938446,0.23651344701906027
264,2,300.0,0.0,False,0.5633922886121965,1.4411035523578266,0.1460113721253173,28.459356467320475,0.5821056684530489,0.5101031499180335,0.8822070402531736,0.906033194872196,1.437470501699903,0.26562846616456526,0.5009333612477551,0.7935152399638574,1.825055220903972,1.019184244934205,2.8094356977733232,7.128588100731567
265,2,300.0,30.0,False,1.0754948433532387,1.111830023296315,0.4834419821811071,0.5588190027340209,1.2126963611111639,1.101086298665221,1.4673884026847794,1.3660755394379358,2.5000563730318714,0.34988494456639907,0.5146411386904396,1.3315171267717978,2.5049383673396304,0.952874467552357,1.1807674908154484,0.6389432753226675
266,2,300.0,60.0,False,1.7624972557016712,0.6127111670025083,0.8055232353339039,1.4385151880132268,1.816321520001275,0.9737446903513786,2.2301499363339694,1.252770899782334,2.4093022472158814,0.439201739297485,0.2902436900916471,1.2958882028323027,1.8904314043589332,1.084105423140942,1.3072433285326757,0.631100984363095
267,2,300.0,90.0,False,2.0124710931390455,0.9094267205527996,0.43507792075688434,2.087899543741051,1.7407805530486118,0.7567431945938523,2.5983260465192553,0.8770448879500228,2.238329727771482,0.9509833463916932,0.40761263083292454,1.691484424236203,1.3910822126768472,0.35233243178111256,1.3178281952851272,0.7189678107763903
268,2,300.0,120.0,False,2.095085255963577,1.2206602055331104,0.5765770150521926,1.34795058395229,1.195433071394534,0.8781876396828725,2.8787373952052606,0.7407545628142447,1.838595528228901,1.0486104001980137,1.0424209250437149,2.518606415025711,1.0297807841245783,0.11446821522847384,1.3232762855319624,0.7335662430934449
269,2,300.0,150.0,False,1.9847167536870236,1.2679817720675397,0.7761716470648603,0.8958128321209213,1.1075737738349456,0.9961366942528844,2.6915824740175927,0.8446788900728661,1.1810879338246003,0.6169079385220121,1.602803565315474,2.292701244751506,0.7023175286785689,0.15551178477491007,1.2225703452132648,0.6719826082748495
270,2,300.0,180.0,False,2.0710105576984126,1.267725794613928,0.49191491633032186,1.153578773430524,1.637305045078754,0.6237538105416967,2.0948018895476372,0.3881270028358964,0.4605839521235451,0.21713377811655274,1.9313769032839123,2.049008137108765,1.189998219851408,0.0958085026621945,1.1194376630873963,0.7144854831752905
271,2,300.0,210.0,False,1.942647218808107,1.2844521286741823,0.21598116376658125,28.280931347586936,0.9356755685028771,0.14963907518309938,1.216894766481148,0.7262858939511481,0.5515030043733768,0.20181928271993305,2.1028022181227737,1.5292177870512633,1.3724914642200972,0.5704527051497237,2.9343424017565183,7.055680746774149
272,2,300.0,240.0,False,2.219981471534121,0.978380325978092,0.21604242420257108,0.855212773800538,0.5809690025996566,0.43758495286086496,0.6442755793579544,0.5161350815054812,0.19813956362186838,0.47207781191734655,1.7426090333366164,0.8234007762103421,0.8233514130309962,0.2644662959348274,0.7694733218493769,0.5548161940302031
273,2,300.0,270.0,False,1.5071177522476291,0.4983950838816851,0.33001087687205755,0.27258615327775404,0.9335740603935275,0.2905621875303209,0.26438742875629523,0.0805710635045051,0.23040764382250745,0.3901700900894752,1.2388420848525707,0.1309612290049877,0.24217645802438512,0.10901329346043441,0.46562681469415257,0.42492091127547493
274,2,300.0,300.0,True,0.8723264209635309,0.25998415101890293,0.32567210878973246,0.35029345584263283,0.5742605100551057,0.21114449340120275,0.2907754765527639,0.12974339200289756,0.6308414803730343,0.2696175861420753,1.0171813092580881,0.5902905911633787,0.5851018079116852,0.18843459873823826,0.44969052730094783,0.25823009949845194
275,2,300.0,330.0,False,0.627151783404211,0.7072193652267282,0.14295638671791056,0.604777305720029,0.26143185404494707,0.24892728190280772,0.4299580821927637,0.4411949180422359,0.8555399277642713,0.28250364636023684,0.6098908614924945,0.6308832247908172,1.113570732403392,0.4264973234494872,0.5273216209651665,0.25357766666572706
276,2,330.0,0.0,False,0.5424831431021033,1.4531446035662716,0.26629460700617413,135.2456017621565,0.3196129900817408,0.3571445756271276,1.124266386160362,0.635902360993175,1.7814040724113132,0.2341889356277646,0.39712151892851916,0.549315192534716,3.0233727544392375,0.6435928298002532,10.469531838031088,34.614649059220156
277,2,330.0,30.0,False,1.1553110686226264,1.0606634231352197,0.5410908601421194,86.67910500024078,0.8912207300276543,0.14768516500681417,1.9363485090652777,1.177060525662245,2.762063116529924,0.33306813442994626,0.354022560445083,0.9705102822909513,2.6107202744285303,0.5414977840538056,7.225740531005784,22.050151340873825
278,2,330.0,60.0,False,1.65631740981714,0.697605287075189,0.7744325827681557,1.1344178974035612,1.4201794748027559,0.29265473737245684,2.507657902825799,1.0418127911463544,2.4249765879017064,0.3856657593089473,0.9785593522404938,0.8009836186035268,2.010138441626336,0.33673799528010884,1.175867131298038,0.7080219656354965
279,2,330.0,90.0,False,2.141065164782617,0.8569953051648295,1.395140941123199,1.5447702454346515,0.8811590084433497,0.6548517799564719,3.0438508006268044,0.5118311299947225,2.4111382678910305,0.4134295759011196,1.0860712641254904,1.2370490136601988,1.3575800657240447,0.43370832215870475,1.2834743489276594,0.7581365736528858
280,2,330.0,120.0,False,2.251099814533677,1.2282795661007961,0.7450644879872446,1.2949646042531686,0.417877787472119,0.9176744594493907,3.354617973740681,0.21096928583434807,1.978684492378325,0.3674380735014372,0.43785581898185577,2.1905005050814332,1.150448906240428,0.1760009768650615,1.1943911966014262,0.9081233071873724
281,2,330.0,150.0,False,1.9460447406361192,1.3550562325229043,0.6146805699877904,0.8257846413006611,0.8734291112698026,1.2647207993786294,2.709809334115185,0.7161912362984587,1.347499809047799,0.09939723805234357,0.9783046181634127,2.4678775614895176,1.3591072182732509,0.12590927761812176,1.1917008848681425,0.7442858682533686
282,2,330.0,180.0,False,2.2986254473293086,1.5525096356391659,0.6733246183344483,1.3413513265160173,0.9663030336303178,0.7650645269230946,2.1071035239136204,0.39707294602696575,0.7133791821928912,0.5854325815509074,1.1549208269416997,1.9998400812238675,1.9080561423473097,1.0052236653462192,1.247729109851131,0.6037725125422632
283,2,330.0,210.0,False,1.9869643487553672,1.5495266213326813,0.19920120984612422,1.52789693127634,0.7454342636220795,0.4163775151965251,1.6327563617544814,0.6046414943014944,0.5187934159886455,0.4170401866033547,1.4214527679684148,1.4000714921313757,1.627720420952885,0.6856692473113337,1.052396162645793,0.5683072094140549
284,2,330.0,240.0,False,1.8857489593566508,1.2840020140183441,0.04458477490529396,0.7980501795015809,0.9487533750747927,0.38791323958679436,1.1417400780801188,0.23623354760558263,0.31226084106272556,0.6063143915324305,1.794042173802198,0.7389186142461271,0.9778631131186317,0.4521153539825538,0.8291814754195591,0.535745025364897
285,2,330.0,270.0,False,1.4052609779938867,1.1736505491112714,0.31382816600645036,0.40073300859538996,0.9012921516853925,0.30738202698112616,0.5332569628563204,0.25970531560789734,0.4165313119799901,0.2994594883771659,1.483943299633253,0.5285319692107642,0.41741205513311486,0.2617845488870588,0.6216265594327915,0.4181086771408786
286,2,330.0,300.0,False,0.8336281963773082,1.1487982635431808,0.4133454390565845,0.3012139166502107,0.550890535706142,0.3397602055377116,0.34014353250043605,0.31208369499558203,0.8511946073902935,0.15778052607193938,0.9534416773899008,0.8601334176845364,0.9425032669712937,0.5071180032006344,0.6080025202196967,0.3019837491183065
287,2,330.0,330.0,True,0.3045517504546457,1.5553758434241125,0.2638298783116236,12.993763856620157,0.44807476304383254,0.3584095987762593,0.4382782364916391,0.41328327794531194,0.9411133408779551,0.15097998900567017,0.6115342984004717,0.5591778357620389,1.8477745616530952,0.48995308944622873,1.5268643085866458,3.2151720017967644
