trial_idx,cue,color1_deg,color2_deg,same_color,sw_Ablated_1_vs_Student_0,sw_Ablated_1_vs_Student_1,sw_Student_0_vs_Student_1,teacher_vs_students_mean,teacher_vs_students_std
0,1,0.0,0.0,True,0.6339757733255879,0.07466599494659543,0.5796821568758975,0.35432088413609164,0.2796548891894962
1,1,0.0,30.0,False,0.5605253113017021,0.0983286742653677,0.522032560667101,0.32942699278353493,0.23109831851816723
2,1,0.0,60.0,False,0.4069389880313763,0.051801505711790624,0.39106552094197244,0.22937024687158347,0.17756874115979282
3,1,0.0,90.0,False,0.49524032325577183,0.03415881610898153,0.5074163809754018,0.2646995696823767,0.23054075357339515
4,1,0.0,120.0,False,0.9381093497451358,0.05647734901278687,0.9558645405251027,0.49729334937896136,0.44081600036617447
5,1,0.0,150.0,False,1.1791478144816328,0.05907596162044952,1.1818594496064634,0.6191118880510411,0.5600359264305916
6,1,0.0,180.0,False,1.3748104769533085,0.06559658459233039,1.3511721787498514,0.7202035307728194,0.6546069461804891
7,1,0.0,210.0,False,1.3056531855906761,0.06057683899107742,1.2965781610894453,0.6831150122908768,0.6225381732997993
8,1,0.0,240.0,False,1.1608411186365637,0.045515344032765824,1.150126147947462,0.6031782313346647,0.557662887301899
9,1,0.0,270.0,False,1.06116296930471,0.06114131331141027,1.0120338937096356,0.5611521413080601,0.5000108279966499
10,1,0.0,300.0,False,1.0602450011569888,0.03757941369136089,1.0668802800497006,0.5489122074241749,0.5113327937328139
11,1,0.0,330.0,False,0.8835637682880574,0.04901229457337859,0.8914137700886646,0.466288031430718,0.41727573685733943
12,1,30.0,0.0,False,0.6992404337173751,0.2134590380870146,0.5504123635802967,0.45634973590219485,0.24289069781518025
13,1,30.0,30.0,True,0.5427840987464763,0.11722149837043173,0.4386684830416522,0.330002798558454,0.21278130018802227
14,1,30.0,60.0,False,0.41264450713784906,0.12272614454707223,0.3222981526228259,0.26768532584246063,0.14495918129538843
15,1,30.0,90.0,False,0.4247778965979889,0.043300203631147186,0.4194213367875599,0.23403905011456805,0.19073884648342088
16,1,30.0,120.0,False,0.8715704674710946,0.0734061369417248,0.8855096279682209,0.4724883022064097,0.3990821652646849
17,1,30.0,150.0,False,1.2046135326415885,0.09121167386518772,1.1929485063779188,0.6479126032533882,0.5567009293882004
18,1,30.0,180.0,False,1.4756463945388814,0.11837734375467343,1.4783048811922912,0.7970118691467774,0.678634525392104
19,1,30.0,210.0,False,1.1531935204621007,0.1965341631779154,1.2709441295368218,0.674863841820008,0.47832967864209264
20,1,30.0,240.0,False,1.1594671397049745,0.07070376449174429,1.186686785548176,0.6150854520983594,0.5443816876066151
21,1,30.0,270.0,False,0.8648572091116733,0.03431345309499238,0.8547786187602686,0.4495853311033328,0.4152718780083405
22,1,30.0,300.0,False,0.7999780733286713,0.055607810513289356,0.8023367888171564,0.42779294192098033,0.372185131407691
23,1,30.0,330.0,False,0.6782990425665719,0.07330069494913208,0.6342098288810757,0.375799868757852,0.30249917380871993
24,1,60.0,0.0,False,0.4440361717953726,0.19655791498790845,0.289265225607493,0.3202970433916405,0.12373912840373207
25,1,60.0,30.0,False,0.5829995795900271,0.31055348969689756,0.29954241009248456,0.44677653464346234,0.1362230449465648
26,1,60.0,60.0,True,0.3359905372021824,0.1252494033687244,0.30503014050139193,0.2306199702854534,0.10537056691672901
27,1,60.0,90.0,False,0.526896100271276,0.09990615383057848,0.5787517856127335,0.3134011270509272,0.21349497322034874
28,1,60.0,120.0,False,0.852934052475756,0.0453970367560186,0.8512449372599856,0.4491655446158873,0.40376850785986873
29,1,60.0,150.0,False,1.1738134957859523,0.20251079342690786,1.1778260296663072,0.6881621446064301,0.4856513511795222
30,1,60.0,180.0,False,0.9888401192879134,0.14390695425667405,0.9545958322608595,0.5663735367722937,0.4224665825156197
31,1,60.0,210.0,False,0.7573126166144182,0.04900185032283798,0.7534029370404448,0.4031572334686281,0.3541553831457901
32,1,60.0,240.0,False,0.776403534548529,0.04709123169303635,0.7490011742918812,0.41174738312078263,0.36465615142774627
33,1,60.0,270.0,False,0.7188547746423535,0.1285153750122465,0.6277096877721204,0.4236850748273,0.2951696998150535
34,1,60.0,300.0,False,0.6811694824415657,0.22763212140513628,0.49257456278597317,0.45440080192335097,0.22676868051821472
35,1,60.0,330.0,False,0.38173455245691246,0.1160093835173003,0.3047651490147424,0.24887196798710637,0.1328625844698061
36,1,90.0,0.0,False,0.5586311749611745,0.03804553948421395,0.5734080445174933,0.29833835722269425,0.2602928177384803
37,1,90.0,30.0,False,0.6052158717767135,0.06176829408391593,0.6131398588882666,0.33349208293031474,0.2717237888463988
38,1,90.0,60.0,False,0.55771131590934,0.09618979365360854,0.6251409281979693,0.3269505547814743,0.23076076112786573
39,1,90.0,90.0,True,0.6881308940760258,0.4185619583177808,0.8268715686910121,0.5533464261969033,0.1347844678791225
40,1,90.0,120.0,False,0.5233137251761197,0.31848901435175164,0.6298338300595778,0.42090136976393566,0.10241235541218405
41,1,90.0,150.0,False,1.1859857912517557,0.14125957285105684,1.1795081679478547,0.6636226820514063,0.5223631092003495
42,1,90.0,180.0,False,1.2549327656778444,0.1359190656603778,1.248259981412245,0.6954259156691112,0.5595068500087332
43,1,90.0,210.0,False,1.1383230477347892,0.08352449754602782,1.1122659604130656,0.6109237726404085,0.5273992750943807
44,1,90.0,240.0,False,1.1297460621163855,0.17135017051592635,1.0518420969490883,0.6505481163161559,0.47919794580022956
45,1,90.0,270.0,False,0.6404439913776696,0.20282907012287188,0.6769463512100454,0.42163653075027074,0.21880746062739886
46,1,90.0,300.0,False,0.5227764010910867,0.057561193559671694,0.5273953315706403,0.2901687973253792,0.2326076037657075
47,1,90.0,330.0,False,0.647771975499597,0.034246661547397236,0.653171440611725,0.3410093185234971,0.30676265697609983
48,1,120.0,0.0,False,1.230821185632697,0.17102768553505332,1.233804351837988,0.7009244355838751,0.5298967500488219
49,1,120.0,30.0,False,1.170688771068716,0.11707327832321349,1.1740159913003982,0.6438810246959648,0.5268077463727512
50,1,120.0,60.0,False,1.025434783560126,0.15020831422357617,1.0098292463594019,0.5878215488918511,0.43761323466827495
51,1,120.0,90.0,False,0.8305771660358277,0.30199115311616054,0.8145600651681133,0.5662841595759941,0.26429300645983356
52,1,120.0,120.0,True,0.6934268953184182,0.3970857125216105,0.7807126170066352,0.5452563039200143,0.14817059139840383
53,1,120.0,150.0,False,1.3664196158948008,0.18318727379472602,1.364384655074977,0.7748034448447634,0.5916161710500374
54,1,120.0,180.0,False,0.9369485737078522,0.15859879188760675,0.8613910575448591,0.5477736827977295,0.38917489091012275
55,1,120.0,210.0,False,0.7526905548425478,0.14022847611899736,0.7021854282810476,0.44645951548077256,0.3062310393617752
56,1,120.0,240.0,False,0.6737677146269195,0.07853120662713003,0.6824246629231119,0.3761494606270248,0.2976182539998948
57,1,120.0,270.0,False,0.6880904931907145,0.07305082567584525,0.718965507523591,0.38057065943327983,0.3075198337574346
58,1,120.0,300.0,False,1.3547425060306777,0.16900491055472255,1.3213071247039188,0.7618737082927001,0.5928687977379776
59,1,120.0,330.0,False,1.2693757331438151,0.11305808498433455,1.3089172399687155,0.6912169090640748,0.5781588240797403
60,1,150.0,0.0,False,1.464054058008395,0.06541950606609638,1.4883220306566671,0.7647367820372457,0.6993172759711493
61,1,150.0,30.0,False,1.3750547988573747,0.08357951949322363,1.3971319422220763,0.7293171591752992,0.6457376396820755
62,1,150.0,60.0,False,1.4146948887121764,0.20492856989096114,1.4360861542565968,0.8098117293015688,0.6048831594106077
63,1,150.0,90.0,False,1.1138984449293918,0.04449294293846045,1.0957977526309968,0.5791956939339261,0.5347027509954657
64,1,150.0,120.0,False,1.355837685258584,0.09743599475805165,1.2959556444196139,0.7266368400083179,0.6292008452502662
65,1,150.0,150.0,True,0.6858190817833385,0.30205238297026893,0.8408628840582014,0.4939357323768037,0.1918833494065348
66,1,150.0,180.0,False,0.43612194924198755,0.14230159255135338,0.4537432994995193,0.2892117708966705,0.14691017834531708
67,1,150.0,210.0,False,0.5255767202110058,0.11220796398258703,0.49050688200015263,0.3188923420967964,0.20668437811420937
68,1,150.0,240.0,False,0.6807812938583868,0.08306314509769976,0.6992290226893416,0.3819222194780433,0.29885907438034354
69,1,150.0,270.0,False,0.9267465446746848,0.09285120312470053,0.9596889495920584,0.5097988738996927,0.4169476707749921
70,1,150.0,300.0,False,1.4503310641024267,0.3098072224562153,1.488834343551013,0.8800691432793211,0.5702619208231057
71,1,150.0,330.0,False,1.5093394874779444,0.38865017761040643,1.569703019511076,0.9489948325441755,0.5603446549337691
72,1,180.0,0.0,False,1.5793690091283616,0.07972580831559933,1.5704835454123507,0.8295474087219805,0.7498216004063811
73,1,180.0,30.0,False,1.4333463009973277,0.1804566033293155,1.4957135435948672,0.8069014521633217,0.6264448488340062
74,1,180.0,60.0,False,1.4452734028693328,0.15838809029283685,1.4368805093534376,0.8018307465810848,0.6434426562882479
75,1,180.0,90.0,False,1.2762310142646855,0.16095711047071212,1.1982720247259115,0.7185940623676988,0.5576369518969867
76,1,180.0,120.0,False,1.2418719501960624,0.13901473966625258,1.3266394242475945,0.6904433449311576,0.551428605264905
77,1,180.0,150.0,False,0.469197736320081,0.07610558638881876,0.5117384132107083,0.27265166135444985,0.19654607496563115
78,1,180.0,180.0,True,0.3896332238867724,0.07078289114923816,0.36561814974469353,0.23020805751800527,0.1594251663687671
79,1,180.0,210.0,False,0.43053695326569336,0.11067191558854875,0.429878067687683,0.27060443442712107,0.15993251883857232
80,1,180.0,240.0,False,0.5977196206270281,0.07896318026736325,0.5986588480500818,0.3383414004471957,0.2593782201798324
81,1,180.0,270.0,False,1.293509465328933,0.056801987073497755,1.272211981107799,0.6751557262012153,0.6183537391277176
82,1,180.0,300.0,False,1.391620103835034,0.09591402239146515,1.4435992036961096,0.7437670631132496,0.6478530407217844
83,1,180.0,330.0,False,1.4359859487689508,0.0674920996802331,1.4417408468975457,0.7517390242245919,0.6842469245443589
84,1,210.0,0.0,False,1.7176456544886274,0.12252112233852713,1.7615608899030608,0.9200833884135773,0.7975622660750501
85,1,210.0,30.0,False,1.2277404534814107,0.12018736320730271,1.2492452881610818,0.6739639083443567,0.553776545137054
86,1,210.0,60.0,False,0.8921054400919073,0.15760158356055348,0.9387585783013459,0.5248535118262304,0.36725192826567693
87,1,210.0,90.0,False,1.2361871825661048,0.239485454424318,1.3478564509105373,0.7378363184952115,0.4983508640708934
88,1,210.0,120.0,False,1.1978716690556603,0.12781224315997605,1.2765980188526465,0.6628419561078182,0.5350297129478422
89,1,210.0,150.0,False,0.6205365330615812,0.09746146310683555,0.6364532663042892,0.3589989980842084,0.2615375349773728
90,1,210.0,180.0,False,0.3772381635381739,0.05286529120599498,0.383342152048433,0.21505172737208444,0.16218643616608946
91,1,210.0,210.0,True,0.5687345649430535,0.13237515036378833,0.5777511149182842,0.3505548576534209,0.2181797072896326
92,1,210.0,240.0,False,0.8049543275679789,0.10283460696652479,0.8625430460538716,0.45389446726725186,0.35105986030072706
93,1,210.0,270.0,False,1.186769721207621,0.056361037319078044,1.192998683696978,0.6215653792633495,0.5652043419442715
94,1,210.0,300.0,False,1.1786070578513006,0.050630192056549325,1.1673439061214697,0.6146186249539249,0.5639884328973757
95,1,210.0,330.0,False,1.2932827406271814,0.07791678940168136,1.2778887662534828,0.6855997650144314,0.6076829756127501
96,1,240.0,0.0,False,1.2738268378494535,0.10392131886614366,1.3134029535247573,0.6888740783577986,0.5849527594916549
97,1,240.0,30.0,False,1.0210272523187263,0.11800600266498243,1.0549581153774361,0.5695166274918544,0.45151062482687193
98,1,240.0,60.0,False,0.8770186625620988,0.2251097665713882,0.7830877800275237,0.5510642145667435,0.32595444799535533
99,1,240.0,90.0,False,1.491602895996988,0.10962831798890983,1.5291531591144014,0.800615606992949,0.690987289004039
100,1,240.0,120.0,False,1.2067860234358676,0.0964563473050439,1.245189620284806,0.6516211853704558,0.5551648380654118
101,1,240.0,150.0,False,0.8805307885771539,0.0932474430678169,0.8661777894460283,0.4868891158224854,0.3936416727546685
102,1,240.0,180.0,False,0.4931212388188725,0.07546726168997751,0.4616842612443275,0.284294250254425,0.20882698856444748
103,1,240.0,210.0,False,0.7550821027938643,0.10446731003280538,0.8310562300209294,0.4297747064133349,0.3253073963805295
104,1,240.0,240.0,True,0.578844629539865,0.15225291526366014,0.6670104978286728,0.3655487724017626,0.21329585713810245
105,1,240.0,270.0,False,0.6767584679818593,0.11803949515517734,0.7231183331215905,0.39739898156851833,0.279359486413341
106,1,240.0,300.0,False,0.7395011496072381,0.07639496527367876,0.7804164597710964,0.4079480574404584,0.3315530921667797
107,1,240.0,330.0,False,1.0125684951064269,0.0647075305209533,0.9849879017542758,0.5386380128136901,0.4739304822927368
108,1,270.0,0.0,False,1.4789377438116578,0.10742678052673515,1.5050091000041272,0.7931822621691964,0.6857554816424613
109,1,270.0,30.0,False,1.1336282368319859,0.2874947290688043,1.2780558636959976,0.7105614829503951,0.42306675388159076
110,1,270.0,60.0,False,1.0514978678047595,0.06499351701388942,1.059265566531851,0.5582456924093244,0.49325217539543503
111,1,270.0,90.0,False,1.6332317238548855,0.07020678999477316,1.6540630564583796,0.8517192569248293,0.7815124669300562
112,1,270.0,120.0,False,1.2387155981059674,0.09367523167346223,1.2371267256039435,0.6661954148897148,0.5725201832162526
113,1,270.0,150.0,False,1.0064711805456152,0.06708215619430553,0.9827281163764073,0.5367766683699604,0.4696945121756549
114,1,270.0,180.0,False,1.0816347917561902,0.19703597689322347,0.9705270191803343,0.6393353843247068,0.4422994074314833
115,1,270.0,210.0,False,0.9480561241196088,0.08219427050940413,0.9583215467284957,0.5151251973145065,0.4329309268051023
116,1,270.0,240.0,False,0.640510658971036,0.0371171562177901,0.6493526469379407,0.33881390759441304,0.30169675137662294
117,1,270.0,270.0,True,0.6587773736140619,0.09566547052803616,0.6413904148197564,0.37722142207104903,0.2815559515430129
118,1,270.0,300.0,False,0.4982984020130681,0.11462106783764309,0.510238849067691,0.3064597349253556,0.1918386670877125
119,1,270.0,330.0,False,1.1137798011116535,0.12324975152451656,1.0619604814885342,0.618514776318085,0.4952650247935685
120,1,300.0,0.0,False,1.140032060474036,0.20778870647330477,1.2559981067105221,0.6739103834736704,0.46612167700036555
121,1,300.0,30.0,False,0.7691657713880776,0.4748132218960474,0.8907885626480441,0.6219894966420625,0.1471762747460151
122,1,300.0,60.0,False,0.8314865129488959,0.3444180940029632,0.8787382459390882,0.5879523034759295,0.24353420947296633
123,1,300.0,90.0,False,1.0593197895549165,0.09618502811153717,1.0819760211543932,0.5777524088332269,0.48156738072168964
124,1,300.0,120.0,False,1.2063761439208491,0.09425280401131761,1.1647788465609872,0.6503144739660833,0.5560616699547657
125,1,300.0,150.0,False,1.3681828523215276,0.08886118088870107,1.4101580860308793,0.7285220166051143,0.6396608357164133
126,1,300.0,180.0,False,1.1385525275925472,0.10304435167850838,1.1973406837617824,0.6207984396355278,0.5177540879570194
127,1,300.0,210.0,False,0.831111614226909,0.06429610573518854,0.8294563972040618,0.4477038599810488,0.38340775424586027
128,1,300.0,240.0,False,0.6320637467538226,0.036736098490588266,0.6503611993173064,0.3343999226222054,0.2976638241316172
129,1,300.0,270.0,False,0.5759172285385717,0.04994186595840996,0.5691824081848245,0.31292954724849087,0.2629876812900809
130,1,300.0,300.0,True,0.4332638066932119,0.19713876264086866,0.5134303451247171,0.3152012846670403,0.11806252202617162
131,1,300.0,330.0,False,0.6037543648915709,0.3708659893750572,0.7956889424267393,0.48731017713331404,0.11644418775825682
132,1,330.0,0.0,False,1.1121067418224904,0.0779632205501237,1.1117310107899054,0.595034981186307,0.5170717606361833
133,1,330.0,30.0,False,0.7793495081962445,0.06425169543128585,0.7873537076952033,0.42180060181376516,0.3575489063824793
134,1,330.0,60.0,False,0.6437068677608109,0.04899239515520702,0.6542829482601393,0.34634963145800896,0.2973572363028019
135,1,330.0,90.0,False,0.661277557889933,0.024021687629055696,0.6719699471523768,0.34264962275949434,0.31862793513043863
136,1,330.0,120.0,False,1.2235983125529166,0.06216241521574046,1.2585775450774204,0.6428803638843286,0.5807179486685881
137,1,330.0,150.0,False,1.2757144462430803,0.049122119906311726,1.2583618153532568,0.662418283074696,0.6132961631683842
138,1,330.0,180.0,False,1.1448768130535854,0.12530903156695083,1.1250686245578567,0.6350929223102681,0.5097838907433172
139,1,330.0,210.0,False,0.9473786683425531,0.052955077565947854,0.9386966190549385,0.5001668729542504,0.44721179538830264
140,1,330.0,240.0,False,0.566278570506791,0.09814128903212074,0.5542173915630122,0.33220992976945585,0.2340686407373351
141,1,330.0,270.0,False,0.339880170952074,0.06028252819672992,0.3078451106348933,0.20008134957440196,0.13979882137767205
142,1,330.0,300.0,False,0.5290218635439863,0.18440085382170318,0.380353389692025,0.35671135868284476,0.17231050486114155
143,1,330.0,330.0,True,0.9163322656297359,0.0984725721247666,0.936377588468718,0.5074024188772512,0.40892984675248467
144,2,0.0,0.0,True,0.5910202060040178,0.0770028844935703,0.5318703080531396,0.33401154524879406,0.2570086607552238
145,2,0.0,30.0,False,0.6322134349635031,0.24276976158489078,0.4461178136369227,0.4374915982741969,0.19472183668930618
146,2,0.0,60.0,False,0.41974234207889183,0.13651566417835687,0.3100112751555515,0.2781290031286243,0.14161333895026748
147,2,0.0,90.0,False,0.4924988089438754,0.03721145088134475,0.508375553901259,0.26485512991261007,0.2276436790312653
148,2,0.0,120.0,False,1.1181745643474978,0.1614890942325306,1.1280170091504522,0.6398318292900143,0.47834273505748365
149,2,0.0,150.0,False,1.3265762441816296,0.12626834414763746,1.3384104913969086,0.7264222941646336,0.600153950016996
150,2,0.0,180.0,False,1.5959485668502453,0.13445419049554475,1.5664003911531146,0.865201378672895,0.7307471881773503
151,2,0.0,210.0,False,1.8154552751227577,0.1629882537227899,1.7466620756159739,0.9892217644227739,0.826233510699984
152,2,0.0,240.0,False,1.4310399605916784,0.157178524316173,1.5490445702948556,0.7941092424539257,0.6369307181377527
153,2,0.0,270.0,False,1.157200361373603,0.11660189811460558,1.1860187586831117,0.6369011297441043,0.5202992316294988
154,2,0.0,300.0,False,1.180960646024286,0.1082374507581086,1.103360549571341,0.6445990483911973,0.5363615976330888
155,2,0.0,330.0,False,0.8169286007192179,0.051837760415277594,0.775006580054301,0.43438318056724773,0.38254542015197013
156,2,30.0,0.0,False,0.5465664885506689,0.12618949287593945,0.4371395951149267,0.3363779907133042,0.21018849783736474
157,2,30.0,30.0,True,0.594069724712218,0.2619466219408087,0.3547360401840677,0.4280081733265133,0.16606155138570464
158,2,30.0,60.0,False,0.4569660876067627,0.25121051099750363,0.25211169189990157,0.35408829930213315,0.10287778830462954
159,2,30.0,90.0,False,0.5690351510513867,0.05897831451159946,0.5699586376607202,0.31400673278149305,0.2550284182698936
160,2,30.0,120.0,False,1.193308579089659,0.09030504479678152,1.2058238092802656,0.6418068119432202,0.5515017671464387
161,2,30.0,150.0,False,1.499837644395564,0.10781719912018708,1.5364543874646435,0.8038274217578756,0.6960102226376885
162,2,30.0,180.0,False,1.585605225925912,0.13526502943574054,1.5948104675694124,0.8604351276808262,0.7251700982450857
163,2,30.0,210.0,False,1.4814904926842103,0.3094941314859504,1.3996138808226053,0.8954923120850804,0.5859981805991299
164,2,30.0,240.0,False,1.2102196668494363,0.18000299266210618,1.1126176123406304,0.6951113297557712,0.5151083370936651
165,2,30.0,270.0,False,1.1545647173118145,0.08780595157710884,1.2053232831317922,0.6211853344444617,0.5333793828673529
166,2,30.0,300.0,False,0.7011977647356827,0.2915831058433016,0.7196306432403852,0.49639043528949217,0.20480732944619057
167,2,30.0,330.0,False,0.6170766789119668,0.0871821446384294,0.5568323536512942,0.35212941177519813,0.26494726713676875
168,2,60.0,0.0,False,0.36942762412374663,0.04767656636424679,0.34986890254859254,0.2085520952439967,0.16087552887974993
169,2,60.0,30.0,False,0.3070642847067101,0.12282243203529994,0.2393832065616281,0.21494335837100503,0.09212092633570508
170,2,60.0,60.0,True,0.31699003775339707,0.10996637790720296,0.2942012262282924,0.21347820783030003,0.10351182992309706
171,2,60.0,90.0,False,0.6024257361114951,0.10598856963525377,0.6413556791836182,0.35420715287337445,0.24821858323812065
172,2,60.0,120.0,False,1.1863258803956978,0.05489664498948937,1.1832181998898448,0.6206112626925936,0.5657146177031042
173,2,60.0,150.0,False,1.638272653845574,0.23009341491949886,1.699455092715119,0.9341830343825365,0.7040896194630376
174,2,60.0,180.0,False,1.3940837227489298,0.2888387351552039,1.390401868886844,0.8414612289520669,0.5526224937968629
175,2,60.0,210.0,False,0.9901271296022464,0.13096309164709102,0.9434484553158939,0.5605451106246687,0.42958201897757764
176,2,60.0,240.0,False,0.6424540133223909,0.12785634860016645,0.6895543045239836,0.3851551809612787,0.25729883236111223
177,2,60.0,270.0,False,0.7371842146964199,0.05933113607705462,0.7228956026529808,0.3982576753867373,0.33892653930968264
178,2,60.0,300.0,False,0.7561623126722248,0.12173204028468762,0.7533088708402106,0.4389471764784562,0.3172151361937686
179,2,60.0,330.0,False,0.5796325877064189,0.04711894799438303,0.612608193294458,0.31337576785040094,0.2662568198560179
180,2,90.0,0.0,False,0.6010228341903306,0.03141763863160858,0.6061448583980522,0.31622023641096964,0.284802597779361
181,2,90.0,30.0,False,0.5242251814520165,0.04144980826957593,0.5427391151605159,0.2828374948607962,0.24138768659122026
182,2,90.0,60.0,False,0.5425603222991634,0.05507310649118635,0.5647971411580344,0.2988167143951749,0.24374360790398852
183,2,90.0,90.0,True,0.7089512773087041,0.2349674336728781,0.746342735742278,0.4719593554907911,0.236991921817913
184,2,90.0,120.0,False,1.2859435685606815,0.35751294565559455,1.19671665034419,0.821728257108138,0.46421531145254347
185,2,90.0,150.0,False,1.2107864080036408,0.07488878034561973,1.265142713209102,0.6428375941746303,0.5679488138290105
186,2,90.0,180.0,False,1.0214955176401816,0.12238136025688014,1.0549195333572727,0.5719384389485309,0.44955707869165074
187,2,90.0,210.0,False,1.0894741582327758,0.11956597733228591,1.1109297563363922,0.6045200677825309,0.48495409045024496
188,2,90.0,240.0,False,1.2042896713053088,0.1834237840588296,1.2940603063712173,0.6938567276820692,0.5104329436232395
189,2,90.0,270.0,False,1.1923938523711546,0.22965171116569208,1.2860029594407165,0.7110227817684234,0.48137107060273127
190,2,90.0,300.0,False,0.9970188049850818,0.06315850365928775,1.0142992823625887,0.5300886543221848,0.466930150662897
191,2,90.0,330.0,False,0.7540409067871409,0.030855938524748196,0.7631151482325629,0.39244842265594454,0.3615924841311963
192,2,120.0,0.0,False,0.9859181401317636,0.04082164751587497,1.006813030831552,0.5133698938238193,0.47254824630794434
193,2,120.0,30.0,False,0.9335859404651101,0.09502113243665544,0.9308553191403417,0.5143035364508828,0.41928240401422734
194,2,120.0,60.0,False,0.7510605188867523,0.04363340902402853,0.7600637380228699,0.39734696395539043,0.35371355493136186
195,2,120.0,90.0,False,0.6768764710120582,0.1137994830330552,0.742374465316785,0.3953379770225567,0.2815384939895015
196,2,120.0,120.0,True,0.7419959134199499,0.27562215998646444,0.9046043246298552,0.5088090367032072,0.2331868767167427
197,2,120.0,150.0,False,1.384220635018434,0.13823168971837396,1.4116406856546746,0.761226162368404,0.62299447265003
198,2,120.0,180.0,False,1.2386414473105996,0.09283432300144456,1.2218775138591598,0.6657378851560221,0.5729035621545775
199,2,120.0,210.0,False,1.2892908613252825,0.0715919472298705,1.3265232709413772,0.6804414042775765,0.608849457047706
200,2,120.0,240.0,False,1.394874365941087,0.07686255016645785,1.4224177516837946,0.7358684580537724,0.6590059078873146
201,2,120.0,270.0,False,1.0550789868464516,0.04795019492796405,1.051682002680164,0.5515145908872079,0.5035643959592437
202,2,120.0,300.0,False,1.221968707410677,0.10046006730502594,1.2176911482109087,0.6612143873578515,0.5607543200528256
203,2,120.0,330.0,False,1.131385926593067,0.06314250901067368,1.160832601945556,0.5972642178018703,0.5341217087911967
204,2,150.0,0.0,False,1.1706343647531114,0.047305975543604294,1.1782851331423654,0.6089701701483579,0.5616641946047536
205,2,150.0,30.0,False,0.9562604590275638,0.05643638084367394,0.9739207155952212,0.5063484199356189,0.44991203909194494
206,2,150.0,60.0,False,1.128011632531309,0.2581986501839835,1.1367167401104492,0.6931051413576462,0.4349064911736627
207,2,150.0,90.0,False,0.9589490683993912,0.04967609852060674,0.9497777120148032,0.504312583459999,0.45463648493939224
208,2,150.0,120.0,False,1.4880628791588433,0.43311984219050725,1.1921669697613448,0.9605913606746752,0.5274715184841681
209,2,150.0,150.0,True,0.8197286726841084,0.17039513795128278,0.8707803133682951,0.4950619053176956,0.32466676736641287
210,2,150.0,180.0,False,0.6389028327143587,0.0971715920123116,0.6610028584438903,0.36803721236333514,0.2708656203510235
211,2,150.0,210.0,False,0.6566360133322439,0.060189668702186006,0.657276091471643,0.35841284101721493,0.29822317231502893
212,2,150.0,240.0,False,0.7782070081756083,0.06853332603494484,0.782449374251805,0.4233701671052766,0.35483684107033175
213,2,150.0,270.0,False,1.025282875531702,0.06256626217912553,1.029595990664601,0.5439245688554137,0.48135830667628826
214,2,150.0,300.0,False,1.4245573697397385,0.037916634842080944,1.4192996454914513,0.7312370022909097,0.6933203674488287
215,2,150.0,330.0,False,1.3329584253461886,0.09136951509917901,1.356166626723061,0.7121639702226839,0.6207944551235048
216,2,180.0,0.0,False,1.2232490898819917,0.06796556525561766,1.2472840528099058,0.6456073275688047,0.577641762313187
217,2,180.0,30.0,False,1.3352648830989517,0.18296217117889818,1.2637775220203278,0.759113527138925,0.5761513559600268
218,2,180.0,60.0,False,1.1889995147730335,0.08511407172936433,1.2297585884063889,0.6370567932511989,0.5519427215218345
219,2,180.0,90.0,False,1.1725869607495383,0.15380194563768113,1.2453614905912085,0.6631944531936097,0.5093925075559286
220,2,180.0,120.0,False,1.1617009698972893,0.0785521298563232,1.1460229558970312,0.6201265498768063,0.5415744200204831
221,2,180.0,150.0,False,0.5306866060726376,0.14414092343388551,0.4859914423488519,0.33741376475326157,0.19327284131937605
222,2,180.0,180.0,True,0.4045037891770247,0.1115988898687423,0.39321409317685446,0.2580513395228835,0.1464524496541412
223,2,180.0,210.0,False,0.378885517243304,0.08125066619179672,0.38705695503493254,0.23006809171755035,0.14881742552575364
224,2,180.0,240.0,False,0.5149522131858222,0.058090716001714005,0.4923648656518249,0.2865214645937681,0.2284307485920541
225,2,180.0,270.0,False,1.3661626581243265,0.10562909867016389,1.314076595098216,0.7358958783972451,0.6302667797270812
226,2,180.0,300.0,False,1.3105280151307253,0.11565487536853457,1.2612619787146917,0.7130914452496299,0.5974365698810953
227,2,180.0,330.0,False,1.2340532941368771,0.07484928907794945,1.2233199080786168,0.6544512916074133,0.5796020025294639
228,2,210.0,0.0,False,1.2861987568699011,0.09125182441562316,1.299946387030339,0.6887252906427621,0.597473466227139
229,2,210.0,30.0,False,1.2702000211193685,0.16325183096719142,1.1991971260743566,0.7167259260432799,0.5534740950760886
230,2,210.0,60.0,False,0.9709415378170977,0.1443431099007494,0.901118011444852,0.5576423238589235,0.41329921395817415
231,2,210.0,90.0,False,1.3730812762428668,0.15616036400061165,1.4183128717506301,0.7646208201217393,0.6084604561211276
232,2,210.0,120.0,False,0.8307159158459152,0.06487180867695774,0.8203224643278585,0.44779386226143647,0.3829220535844787
233,2,210.0,150.0,False,0.5179368624432052,0.10669904428450379,0.4905848073836535,0.31231795336385454,0.20561890907935074
234,2,210.0,180.0,False,0.4045057950373751,0.11960282050866104,0.3820105015260346,0.2620543077730181,0.14245148726435702
235,2,210.0,210.0,True,0.6704437077190243,0.20964517923181952,0.5152639140867729,0.44004444347542193,0.23039926424360238
236,2,210.0,240.0,False,0.9184266084242598,0.08025769546140304,0.8502573345498965,0.49934215194283144,0.4190844564814284
237,2,210.0,270.0,False,0.8397202461532449,0.06297339565077759,0.8853839320940208,0.4513468209020113,0.3883734252512337
238,2,210.0,300.0,False,0.8335308768824721,0.053078254878537456,0.8283416210577621,0.44330456588050476,0.3902263110019673
239,2,210.0,330.0,False,0.8523271064795488,0.10812064126691562,0.7886009400688403,0.4802238738732322,0.3721032326063166
240,2,240.0,0.0,False,1.0986425833110092,0.04704215946113225,1.096914515882092,0.5728423713860707,0.5258002119249385
241,2,240.0,30.0,False,1.065466599529552,0.10875316806558123,0.9923855977687375,0.5871098837975667,0.4783567157319854
242,2,240.0,60.0,False,0.8547725623306738,0.34585761228246104,0.9320879673617722,0.6003150873065675,0.25445747502410637
243,2,240.0,90.0,False,1.417653364131029,0.25134263722157174,1.3059633144291585,0.8344980006763003,0.5831553634547286
244,2,240.0,120.0,False,0.875872630812392,0.07663672161644013,0.8574613587775093,0.47625467621441603,0.3996179545979759
245,2,240.0,150.0,False,0.7793871658754006,0.09291132359176771,0.7540922820431287,0.43614924473358413,0.34323792114181645
246,2,240.0,180.0,False,0.5984760913079854,0.09701755634036721,0.6298350012823141,0.3477468238241763,0.2507292674838091
247,2,240.0,210.0,False,0.9557847998245146,0.1420801342587302,0.8259038352169099,0.5489324670416224,0.4068523327828922
248,2,240.0,240.0,True,0.6516919902514928,0.12412060027803706,0.7412602010108218,0.38790629526476494,0.2637856949867279
249,2,240.0,270.0,False,0.6210844244340374,0.14401564661044067,0.6231974194580608,0.38255003552223904,0.23853438891179837
250,2,240.0,300.0,False,0.5957618824450587,0.04352979006933837,0.5940408223684291,0.3196458362571985,0.2761160461878601
251,2,240.0,330.0,False,0.5178115818145188,0.14788991061323564,0.5084913521140488,0.3328507462138772,0.18496083560064158
252,2,270.0,0.0,False,1.0015347584580037,0.06826588272444761,1.0032358992648,0.5349003205912256,0.466634437866778
253,2,270.0,30.0,False,1.0003058555051587,0.11567154793154427,1.0263541709748822,0.5579887017183515,0.4423171537868072
254,2,270.0,60.0,False,0.838125188880132,0.13736017991031302,0.8694380196301713,0.4877426843952225,0.3503825044849095
255,2,270.0,90.0,False,1.167180379211564,0.08961741132820278,1.1905407322751207,0.6283988952698834,0.5387814839416806
256,2,270.0,120.0,False,0.8570703150965335,0.0832184428339818,0.8293513553866014,0.4701443789652577,0.38692593613127585
257,2,270.0,150.0,False,0.8611213898477574,0.1103808645927513,0.8608896821509109,0.4857511272202544,0.37537026262750306
258,2,270.0,180.0,False,1.2279930457298405,0.10870743226969701,1.2541954438945355,0.6683502389997688,0.5596428067300717
259,2,270.0,210.0,False,1.2841485042545264,0.11785672784484448,1.3308760991749007,0.7010026160496855,0.583145888204841
260,2,270.0,240.0,False,0.6877249874975387,0.06113356306615639,0.6773450705549613,0.37442927528184755,0.3132957122156912
261,2,270.0,270.0,True,0.6353685760582133,0.04761739455283348,0.6438555233832466,0.3414929853055234,0.2938755907526899
262,2,270.0,300.0,False,0.5860649453650499,0.07603502756618935,0.6087882647361103,0.33104998646561967,0.25501495889943027
263,2,270.0,330.0,False,0.4999193902248248,0.16377505813843599,0.3838164409713598,0.3318472241816304,0.1680721660431944
264,2,300.0,0.0,False,0.8958674728950452,0.2029390487501176,0.9437419976414951,0.5494032608225814,0.3464642120724638
265,2,300.0,30.0,False,0.6621961188456873,0.05399484454763163,0.6471100349782705,0.35809548169665945,0.3041006371490278
266,2,300.0,60.0,False,0.4510546871946407,0.08444704568926492,0.43489873361379366,0.2677508664419528,0.1833038207526879
267,2,300.0,90.0,False,0.5443909290798711,0.0762650658602225,0.559445299723198,0.3103279974700468,0.2340629316098243
268,2,300.0,120.0,False,0.9320220842520699,0.05782057414217573,0.9607384959737166,0.49492132919712284,0.43710075505494705
269,2,300.0,150.0,False,1.3854331957542736,0.0878590736712839,1.4081965491003015,0.7366461347127787,0.6487870610414949
270,2,300.0,180.0,False,1.4785291466859847,0.130729140317494,1.5437830283825276,0.8046291435017393,0.6739000031842453
271,2,300.0,210.0,False,1.3750572383291413,0.0638131024740927,1.3542628426704577,0.719435170401617,0.6556220679275243
272,2,300.0,240.0,False,0.8123743744207241,0.035679243556354365,0.7967123641038314,0.4240268089885392,0.38834756543218485
273,2,300.0,270.0,False,0.580205941820843,0.0700208783914507,0.5987768985363005,0.3251134101061468,0.2550925317146961
274,2,300.0,300.0,True,0.47137168978288874,0.21867382245159334,0.5064651545928803,0.34502275611724104,0.1263489336656477
275,2,300.0,330.0,False,0.5259372668598006,0.12936795168819618,0.49032513741166417,0.32765260927399836,0.19828465758580222
276,2,330.0,0.0,False,0.7663425460566498,0.05896106998311612,0.8054442025603221,0.41265180801988294,0.3536907380367668
277,2,330.0,30.0,False,0.6384131581071778,0.15361379759092825,0.6058834201243014,0.39601347784905305,0.24239968025812478
278,2,330.0,60.0,False,0.3846535990924199,0.1076385603718291,0.3474195498087823,0.24614607973212452,0.1385075193602954
279,2,330.0,90.0,False,0.4862088275998702,0.036997100620598924,0.49854794347760223,0.2616029641102346,0.22460586348963565
280,2,330.0,120.0,False,1.0322087368552444,0.11434828874330173,1.029161640340774,0.5732785127992731,0.45893022405597134
281,2,330.0,150.0,False,1.3661101313029342,0.1624900831114862,1.3893067917830701,0.7643001072072102,0.601810024095724
282,2,330.0,180.0,False,1.578147205526603,0.1162745766147191,1.6304047801146035,0.847210891070661,0.730936314455942
283,2,330.0,210.0,False,1.5028770645621046,0.13408597398560215,1.5731123588812492,0.8184815192738534,0.6843955452882512
284,2,330.0,240.0,False,0.9670679786095817,0.09329706920308253,0.9569553892172769,0.5301825239063321,0.4368854547032496
285,2,330.0,270.0,False,0.6136380414957996,0.1360460584677876,0.5298131755793039,0.3748420499817936,0.238795991514006
286,2,330.0,300.0,False,0.6952193566929803,0.2174747803993633,0.6673133735639395,0.4563470685461718,0.2388722881468085
287,2,330.0,330.0,True,0.9815689328263756,0.11428709160607431,0.9560004589259662,0.5479280122162249,0.43364092061015064
